images_url,https://images-na.ssl-images-amazon.com/images/I/61ajorLT7cL._SL1500_.jpg,
https://ichef.bbci.co.uk/news/410/cpsprodpb/6CDD/production/_98596872_gettyimages-515902414.jpg,
https://images.unsplash.com/photo-1529074963764-98f45c47344b?ixlib=rb-1.2.1&ixid=eyJhcHBfaWQiOjEyMDd9&w=1000&q=80,
https://encrypted-tbn0.gstatic.com/images?q=tbn%3AANd9GcTT34JVId1NInuaVBwARPf8el-uAI13ifmq3ofJx6wgIUvg8Me3&usqp=CAU,
https://images-na.ssl-images-amazon.com/images/I/611mWkTrQTL._SY355_.jpg,
https://i.ytimg.com/vi/e-g3-NB21t0/maxresdefault.jpg,
https://encrypted-tbn0.gstatic.com/images?q=tbn%3AANd9GcRVWFcNfmSTRSLMTSnwwvbVbD5uPanZRuhwioYUvxmXlOEnU6-6&usqp=CAU,
https://i2.wp.com/metro.co.uk/wp-content/uploads/2019/07/GettyImages-1035266762-4448.jpg?quality=90&strip=all&zoom=1&resize=644%2C429&ssl=1,
https://5.imimg.com/data5/JR/JB/MY-71121186/aeroplane-toys-500x500.jpg,
https://thumbs.dreamstime.com/z/plane-vector-aircraft-airplane-jet-flight-transportation-sky-illustration-aviation-set-aeroplane-plane-vector-117237929.jpg,
https://www.aljazeera.com/mritems/imagecache/mbdxxlarge/mritems/Images/2019/7/2/09f99a6d07a64d53a84b56df1010980a_18.jpg,
https://images-na.ssl-images-amazon.com/images/I/7134kcZqCnL._SY355_.jpg,
https://storage.needpix.com/rsynced_images/aeroplane-93499_1280.jpg,
https://image.shutterstock.com/image-photo/airplane-landscape-big-white-passenger-260nw-677716339.jpg,
https://rukminim1.flixcart.com/image/832/832/jmp79u80/outdoor-toy/8/y/h/toy-plane-foam-hand-launch-airplane-aeroplane-throwing-foam-original-imaf9j44tuaxgrgf.jpeg?q=70,
https://static.independent.co.uk/s3fs-public/thumbnails/image/2018/10/22/13/aeroplane-flying.jpg?w968h681,
https://encrypted-tbn0.gstatic.com/images?q=tbn%3AANd9GcS3pkSnRxvaSNxaQkkQRDogaGJwNTFIRARQ5doJsTm4dpSvR-cU&usqp=CAU,
https://encrypted-tbn0.gstatic.com/images?q=tbn%3AANd9GcR6sLEcaYfsQCak25ozKEfPpN3PiARMZt-izN8gqJwcr3FN6fJF&usqp=CAU,
https://cdn4.vectorstock.com/i/1000x1000/73/63/aeroplane-vector-3097363.jpg,
https://encrypted-tbn0.gstatic.com/images?q=tbn%3AANd9GcQ1JpDnx4gtu0Wc8_eFtujDp5g7JB-EulsXiOViB7JRuDfxrsPC&usqp=CAU,
https://encrypted-tbn0.gstatic.com/images?q=tbn%3AANd9GcRzBuURiaK9LAnogrTdLKfv0CP-VQUB6fWx6jrbcsb0W_XIa7f7&usqp=CAU,
https://encrypted-tbn0.gstatic.com/images?q=tbn%3AANd9GcQAG7kuc9kALV9lNLA6y-6I5jKuNZF4f0oowNXQ2TgkSQnckfiF&usqp=CAU,
https://encrypted-tbn0.gstatic.com/images?q=tbn%3AANd9GcTRXPtq0G18vc6hZ2lDsd9nU1y8yBWjKaz6DTxUWNFvrwhKGugi&usqp=CAU,
https://encrypted-tbn0.gstatic.com/images?q=tbn%3AANd9GcT_sOHKs-rQIUprQQmfnVQva9iJfJjB7JInGow9C44xrvZvcofv&usqp=CAU,
https://cdn5.vectorstock.com/i/1000x1000/06/59/aeroplane-vector-390659.jpg,
https://encrypted-tbn0.gstatic.com/images?q=tbn%3AANd9GcRehRMXf22y--R3KzEP6Jhmpx9p_gP1HVhe0t3gHPmVTUBuz6xI&usqp=CAU,
https://static.independent.co.uk/s3fs-public/thumbnails/image/2018/06/08/18/air-india-fleet.jpg,
https://encrypted-tbn0.gstatic.com/images?q=tbn%3AANd9GcThFJgbf-Bcv1_quhAQV0dJygS9b1q3WbrNXwTd1LvJWeKK1g2E&usqp=CAU,
https://i.ytimg.com/vi/k992ZnNlvck/maxresdefault.jpg,
https://i.ytimg.com/vi/lMvqt8AIDbE/maxresdefault.jpg,
https://cdn4.vectorstock.com/i/1000x1000/11/18/jet-aeroplane-on-runway-aircraft-takeoff-from-vector-22771118.jpg,
https://images.theconversation.com/files/315259/original/file-20200213-11044-e62imy.jpg?ixlib=rb-1.1.0&rect=308%2C0%2C2660%2C1990&q=45&auto=format&w=496&fit=clip,
https://encrypted-tbn0.gstatic.com/images?q=tbn%3AANd9GcRFn23QoJKRzUdD_9wbJw5BgyjvI11jMdbrWMUN_2VB1xZATn0n&usqp=CAU,
https://encrypted-tbn0.gstatic.com/images?q=tbn%3AANd9GcQaNK847BkaKChzm66xzto7dFXiOH2zWJeuKb_Tewo432Me8nef&usqp=CAU,
https://encrypted-tbn0.gstatic.com/images?q=tbn%3AANd9GcQSqGZrrOgbe2Bsbk4TMC1XiIeSQjngeJPb654nE5UpQA5indtT&usqp=CAU,
https://encrypted-tbn0.gstatic.com/images?q=tbn%3AANd9GcRNKEyNLWbnzY2TO7ksn3Uu8ED0TP2HPNkaae15gNmDh7KoIU4M&usqp=CAU,
https://encrypted-tbn0.gstatic.com/images?q=tbn%3AANd9GcTUPBi3yeBJj7F97s5WnILzwrObEqrVwBOZbjhMGS24leSDA8Jy&usqp=CAU,
https://encrypted-tbn0.gstatic.com/images?q=tbn%3AANd9GcQ-Rc0nC6n_8wfmikNDSdo_JbPybAahTfAEi5FhIGzzUyInj8-c&usqp=CAU,
https://encrypted-tbn0.gstatic.com/images?q=tbn%3AANd9GcQP_UzXFoWtmDFWO3AsG4_4Z8wTYPq_Nfpv8dwfOM6vid6JRJMz&usqp=CAU,
https://www.thenakedscientists.com/sites/default/files/styles/featured_image/public/media/media/images/xaeroplane-1851133_1920.jpg,qitok=sZbQ61G1.pagespeed.ic.q4MWyyB5qh.jpg,
https://encrypted-tbn0.gstatic.com/images?q=tbn%3AANd9GcQHb_qbWklx8jv3Cy5qUzAUcwvzcpk95gO2vKcGDX-02lxolUuv&usqp=CAU,
https://gds-storage-prd.s3.amazonaws.com/unified-gallery/180724/1795/56aed032/thumbnails/aeroplane-2018-jul-20-02-08-40pm-000-customizedview26697263740-jpg-3500-3500.jpg,
https://lh3.googleusercontent.com/proxy/m_0KP-BB2Gbd6HmPaQuuxeNv5lWNnfRoE5XHzZil0qXY7G7CgtWNefjPu-xNpCkeDOLs5MBQ-cX3MlHa9v9qqrRNpNx7p4D-xsI_MKfQRzvZdAUv9lMAZQ,
https://5.imimg.com/data5/WO/KS/GY/GLADMIN-71742135/selection-069-500x500.png,
https://i.ytimg.com/vi/Elz4-Wx-Yfg/maxresdefault.jpg,
https://images.unsplash.com/photo-1531642765602-5cae8bbbf285?ixlib=rb-1.2.1&ixid=eyJhcHBfaWQiOjEyMDd9&w=1000&q=80,
https://upload.wikimedia.org/wikipedia/commons/f/fc/Tarom.b737-700.yr-bgg.arp.jpg,
https://encrypted-tbn0.gstatic.com/images?q=tbn%3AANd9GcTM4Qd6ddusmRD_V2FeQr_wCp5k4XHuLiya34UY9JSXRxbE322q&usqp=CAU,
https://encrypted-tbn0.gstatic.com/images?q=tbn%3AANd9GcSqHDUwWxKOpWt84p_pTUH4fSPHUKTTpQPDyJVKAB6RZ2AhXuQX&usqp=CAU,
https://encrypted-tbn0.gstatic.com/images?q=tbn%3AANd9GcRFCvWL0VzUfWarLjrUBmYlmrgJFYiCSGaTsEECYO-oVThMzYRc&usqp=CAU,
https://encrypted-tbn0.gstatic.com/images?q=tbn%3AANd9GcRPmg3uyX_E6lESO-de-Gs6czxcY6ymPI-jIRe7ZZ-lhbfsIejJ&usqp=CAU,
https://encrypted-tbn0.gstatic.com/images?q=tbn%3AANd9GcQujqLceZHkywBOApiBrrCKMX3ATBAkdwM3mAMlIaC25TGqoTrF&usqp=CAU,
https://encrypted-tbn0.gstatic.com/images?q=tbn%3AANd9GcRBlxQ7A7JVBck27ZID0gkp1I6_6C6QQjIUzG96Z8RBT5Tb4ZRz&usqp=CAU,
https://www.readersdigest.com.au/wp-content/uploads/2020/01/00-aeroplane-facts-shutterstock_112931425-770.jpg,
https://images.unsplash.com/photo-1525396524423-64f7b55f5b33?ixlib=rb-1.2.1&ixid=eyJhcHBfaWQiOjEyMDd9&w=1000&q=80,
https://encrypted-tbn0.gstatic.com/images?q=tbn%3AANd9GcTr52wvF_u5_VDJYXp12SqWOsUhQnXey9DOn1PF_3BgwCRXPoLQ&usqp=CAU,
https://cdn0.iconfinder.com/data/icons/airports-1/64/Airplane-transportation-flight-aeroplane-512.png,
https://static4.depositphotos.com/1004841/282/i/450/depositphotos_2827951-stock-photo-aeroplane.jpg,
https://www.colourbox.com/preview/30268513-aeroplane.jpg,
https://encrypted-tbn0.gstatic.com/images?q=tbn%3AANd9GcTbbAqreZdM1Wkj9W0YqZfXV0KN5sJF7oP5VaZ-UlEVGpUjFp9f&usqp=CAU,
https://i.ytimg.com/vi/kLNcwGckBDw/maxresdefault.jpg,
https://cdn1.vectorstock.com/i/1000x1000/82/45/aeroplane-side-view-vector-23448245.jpg,
https://image.shutterstock.com/image-photo/passenger-airplane-flying-colorful-sky-260nw-1404934007.jpg,
https://img.etimg.com/thumb/msid-62457433,width-640,resizemode-4,imgsize-183306/runway-1-sneak-peek.jpg,
https://encrypted-tbn0.gstatic.com/images?q=tbn%3AANd9GcTVauAmtqfRNne4QlGrXtq3XUs2legn0uY5FcNdakvrcToju_hd&usqp=CAU,
https://d27ucmmhxk51xv.cloudfront.net/media/english/illustration/ldoce_262.png?version=1.2.1,
https://encrypted-tbn0.gstatic.com/images?q=tbn%3AANd9GcSQvGKbI2DPZ5vi4joqhKUn5rprQIcqVmkTrzBdMRM7w_UAmNB_&usqp=CAU,
https://upload.wikimedia.org/wikipedia/commons/thumb/f/fb/Egyptair.a330-200.su-gce.arp.jpg/1200px-Egyptair.a330-200.su-gce.arp.jpg,
https://encrypted-tbn0.gstatic.com/images?q=tbn%3AANd9GcQ1J-Kjml4F9rlKbAWXvumBabuBoBkcUzOETx4J7uXj359TNezx&usqp=CAU,
https://encrypted-tbn0.gstatic.com/images?q=tbn%3AANd9GcSlEfKRFtYxu3pahtzKIwnXdiPWVLQuKhfGKYWt9QxNi4nN4tOb&usqp=CAU,
https://thumbs.dreamstime.com/b/aeroplane-illustration-print-digital-use-65182743.jpg,
https://cdn.thinglink.me/api/image/792008968430944257/1024/10/scaletowidth,
data:image/jpeg;base64,/9j/4AAQSkZJRgABAQAAAQABAAD/2wCEAAkGBxISEhUSEhIWFhUXFRcXFxcWFRUVFRgXFRUXGBUWFRgYHSggGBonHRgVITEhJSkrLi4uFx8zODMsNygtLisBCgoKDg0OGhAQGysmHyYvLS8tLS0tLS0tLS0tLS0tLS0tLS0tLS0tLS0tLi0tLS0tLS0tLS0tLS0tLS0tLS0tLf/AABEIAMIBAwMBIgACEQEDEQH/xAAcAAABBQEBAQAAAAAAAAAAAAAAAQIDBAUGBwj/xABGEAABAwEEBAwDBQcDAwUAAAABAAIRAwQSITEFQVFhBhMiMlJxgZGhscHRQpLwFBUWcuEjU2KCosLxB7LSM0NzJFSDk7P/xAAaAQEBAQEBAQEAAAAAAAAAAAAAAQIDBAYF/8QAMBEAAgIBAgUBBwIHAAAAAAAAAAECERIDMRMhQVFhIgQUMkJxgfChsQUjUmKR0eH/2gAMAwEAAhEDEQA/APWEspJRK0ZFlLKalQCyllNQgHSiUiEAspZTZSyhBUJJQgFSpqEA5IkQgHISShAEpUiEAsoSIQCoSShBQqJTUIKHSkSIQCoSIlBQISJJQlCoTZQgoZKWVHKWVDY+UsqOUspYofKJTJSylih8oTZRKChyE2USgHoTZRKAciU2USgHyklJKJQDpRKZKJQD5SSmyiUA6USmyiUsDpRKbKJQUOlEpspJQg+USmSiVbFD5RKZKSUFD5SSmyklBQ+UKOUIKI7yWVDfRfUNE0pZUIclvICWUSoryW8gJZSyoryW8gJJRKjvIvICSUsqK8i8gJZRKivIvICW8i8oryLyAllF5RXkXkBLeRKivIvICS8iVHeSXkBLKLyivIvICW8i8oryL6AlvJJUV9F9ASyklR3kl5AS3kl5RXkXkISXkKG8lQEF5F5Q3kXlTRPfRfUN5F5AT30X1BeS3lAT30t9V5S3kBPfS31XvIvIQsX0X1XvIvICxfRfVe8lvIUnvovqC8i8hCe+i+oLyhttp4um551Ce3UpJpK2ajBykordi0tK03VTRa6XgEnAwIgHHtCuX1x/A5hL6z3c7kg9biXEeDe9dTeWdOWUbPR7Zox0dV6celfsSvrAZkDrMIbUBxBkblXq0r/J2kb9aKQgAbAtnlos3kX1DeReQE15JeUN5F5ATX0X1BeReQE19F5Q3kXkBLfRfUN5F5AS3kKEOQgIONG1DqoGaxm2h+tzp3UxCcLWci4z+UD0S0dMTX49u362JeNG1ZtOo92Dbx1/UJb5GvsvfqpmhgzR45vSHilFZu3zWfxu8fN+qdx52jvUzRcGXuPbt80CsNvmqVS0OGsTrEwRGeZQ2o84YDtHjiUUkTAvNrN6QTr4iZWa+0VafNqQDsEJKdpcZl4nZdGPbrVslGkag2pb/wBZ+Sy6dre0yJ6w0ehU77a8jF5x2thRyo0o2WxWG1KarekPrBZ7rQ7pTsN0T2HUm1LW9mYJ2mGk+JkplYwNBtobrcEorDaMvHWqNG2B83iboEnAA44QA7AlXPttG61oL4nlHDAEZ5Y9Sy5M0oofxix+ElvHJpDA3Q90AnaG4bczG8LoRaKRDg0zxfJdIeQCMcZYG5DavP7c5z6r3nEuOAxBA1CdWodi8vtWouHT6n6n8K9nUtVzfy/v+Wb3BGndokwW3qjjysyAAJPaD3rZfWAMGcpwaXeDQTqWHoqpFOkBe5s4kXheMmcMTie5btlJ4680gtjAuIvS3B4IaYGOpdlJxgvoeL2mp68n5Y6naGDHE9h25ERIKDUbrME6jhHWr+k7OxwgwDIMiZ7yCNSr2bRFNzQXPJhgJmJywM3dxRaq3OLjyKDrZEgNBjXiRjKj+2Y5+B3/AKLR0bYKT7xY4uGMQ7EYvgGW4alPadH07pJLpGWMx1clbWqjPDZji2EjUPDzS/a8MVq6GsdIgi6wkZghpIkNiZner1o0cHEFpa0DUKdMg9eE+KcVEw5mEyuA28ROd1uV6PGN6c+q1vJcSXYTDcJ1jORitOpoeXXnVJOwsF2NQu5RuVQaDq37/GMdGV6mQ3ta2JjeSucdRtty+yO8tOGKjFq+rK9SsGNvOGOMNkSY17hlj1qDR1oDml1RwDnOJuxAYNQA2d60qnB9z5v1iSdjI8yfJKdEVWtIY5ruiHzhkIBjLDKAsQnNybl9jrNaMdLCHNvd1/sq0mBzrragOvsmCVDXrQ4U2wceW/ExHwjtiT9Celo20gOim2845moCWjWGANEdexQM0FaWQW02ED4LwE4jIxA1qy1JOSS2JDS04Qc5VfRXf3JxS3+aFzVq0Pab7pY8YnC690A5CWiDhsQu+X9xw4MukSGhaXuzpFoxxdUBO4wFccAfW7I8tyXRzS+o1rnAAnHET1Z9it2yw12EgMvNkwRnGqQMQexcWpvmkdFKC5NlOlQAxDY7PVSDtUU1NgUFSnXOTmjqb7lYqb3NXBbGpRoOeOTTc7HMBx1ZYLL0jUdSmXNnK6Q8OkZjnKB2j6rs6jj1D2KGaBedTz1M/VdIQp22c5SvoVPvHHGmw9jj6q/Z9MNEfsWj8uB8lPQ0AQJ4l5iMDhMzkBGGHiFeoWCs3mUI+QHvXVu9kcly6ivIewOxEiYOaz78G6TGw+i0zYLUc6Y7Xs9CoKnB6u7O4NnKy7gpFPqVyQyhb7puv71brPYW3uLFQ7OTPiom8G65EOdT3YuP9oViz8HKjf8AvD5SVXEmaMC02un/AO2YOu8PKEwaVwDbjQBkL1WBOfxLsaWhz8VWepgHmSg6ApnnQf5Wg+SLz+4tdDmaVZrh8J6i/wBXSnOaIwHi71ct93BagdTh1H9Eypwba3FmJEclznNaYEYlv1isuL6M3GSfJow7RajTpEFxmq4CJPNHOcZJxjX1LCq1p7QP6sPc9iu8IrLaHVCazRTJBayMWRF0XYEGBCp0dGVC9plpbMnlRhy9sbRr1Lxa2hPUmpUfS+yLT0PZ903uzXp0iA1oJEkl5nkjLEEAudllAUBDocQIDZBI4trnS6SWzD3jslSNpOByd3n2Klh3R759l68pLofOUt7M2nchr3moGTBcWl2zASYJwyJ2q7Z9MuJDXPcGhpbLWzF1uDrsgTMYpbTSe9oAEQZHPieqFWtdK0VBdc0PxvSKbb0mfjADoxymFvlLcxbjtzNihwnrMcQ1zag1OLbpOJxIDoGbu5FbhVaSDLaYG9p/5rlnWSo04seD+R/qFNSrXD+0lwjLAu7vcKPSiOIzquDNve9zy9ocDhDSGEEREQ69juECMTit+16WFHk1SMsaYa+o6I+MwdusiVwdj0zQpPFRnGB4BElrDmBOfUmffFK9evVwSSSRdBcXTN8jnZnAyuUtJt+CqSOqqcLbOM6T90NE+eByVJ3DizUiX3K8uDRENAhgIEQd6wfvKza2v7WtTTbbKc6Tz/K0qrRj1sr1L7fn3OgrcMqwF8cXdOQ/aFw3EzEplbhZxj3U6doc0hl6b1JrDhN2XsJnPVGGawmvseP7J2+WBNNWx5CkcYB5IA1ROGWATho7amrCUIqMUmt3e5pWfhAS2KtS0OMyIrNp4TMEsMO64C0aXCCic6DTPTql/wDuBhYVqtdnpsY4MvXhzQReblzpG9V26bs+um4dceyrjF9Gcbfj8+51zdO09VKn9fypVyn3xZ+g7u/RCzwo9mXJ9zTslip03B8Ndng5oIx3Qtmx6QqXg1kO2MjDs6K4t9pZIDHVHkmAJAE9oXQaK4W2Gx0w0iq+qefdY0mSTdAJI5OGG4g61I6dyzV3sJyS5OjramjGVQOMpNnYYdHU6JS2bQNCnzaY7Zd3XiYVOnwxoccKLmVWEkNvOay4HHCCQ8kQ6WzESDjAlbdmtbXlwAILTBmN+wnYty1Gc1ChnEgDUAOwKi/SdnAvcdTgaw9pGDb2YPRIPUVetAY1pJaDnkBeOBMCcysC22OnS/ZU7JfaQyMXuZymOp4jHK5TaZ+EqcRnXThpv4r+xetGlaLBJdPPyaT/ANOb+4RBzUTtO0Q28Q+OVIuieSTvzMYDNVAarhybK0c4i9TyNSC4mSMTex23XqZothHJaynMmOREkOjKdbmfIduM4h04emun6/8ADZaAcp7iiENc7CY/i7sh2nwWP9yVCIdaXZRhenmhsze/Oe0bFMzioLqbEKN9oY3nPaM83AZZqiODjM3PecSc2jNwJGWUNa3qCnGhKOsE4zi4j4r2qNfkrky4x7jn6RojOo3XkZ5ueWxMbpGk5wY1+JMc0jG6XxiI5oJUzdGUB8DNeZvZmTmdqkFCmMWtaDjiGjWNwS2PQVrTpBtOAQTM5R8MTMkbR3qIaTJi7ReZxyOA7lZvvHwx1E+wQ2o4mAD3EDvKy3LsVYlKrVdUF19EhrgZxgtwMHVj7rnNAsay1VaVVkljLzQIILXZOxIGWHXK6+vo+sZmAI2xHaFi27QzC8VKlopUyGlk8bdN04wSc09TOunrKMZR6Mp263sf+zDGMY04DjLpnXhTiB/Mq4e394zsx/8A0LlN+FLJmbUCP4Qx3iAnjg1o8Z1Kj+wN8mhb+rODfgqVwXDk1yz8twDuaAsu1WO0aqxf/wDIZ/qPqtqpZNH0yP8A0dd++ZaOvl4DsVCrp6xsMN0dTkfvHt8oK0mujMv6GDWfUbg6RuMgHuzUTAXZAnqkrfPDO7/07LZmdgPlCiPDu1EjFjRONxgGG6ZW0yFChYK7sqNV3Ux/nC1KOga7hjQrDru+bohVncMbQ7nVH9hA9FG7T17nVanaXHyK5ym/6WbjG/mRsUuC9RpDnNAjU99OO3FTHQlGTLqDeqqXRnqE7R3Ln/tDHY32nrMeikY05gjvEeS5PW7o6rRvZmraNFUACPtcbgwvGoEc0bBGw454rJOi24njiexrchhmDExn3qVoft/qSy8az8wUXtNbD3byVrToglvJh92SJqYc0O+FgOQy3Hto2rRtdsxTAGMxdcMCBMuMjNuW0bVriq+cvEKQWkxBafr/AAO5PefA928nLOs9XW05AczYIQumv0+ifFIte8x7Mnu0u5o8AtBtqB1ao0FpljQRIyh5/t712tHQFka6+LNRvgg3+KZekZOvRM4ZrF4P6UZQoso1MKgGuMcSSRiZz2rUGlmnWMknqnNabbLf3VZ7/GcRSv4cri23sMsY1K06qFjDSY2prtKN6X0M1weqbWkaNptDgeS0Ow1uuxHYVCbQYxwOuDIBOoHCe5ZFfTLBm5ZFs4U0W86o0dbgPNYyctjagkdSbSoqlq1bcJEYYHH62rhrRw3s4yqT+UF3kCqNp4btIIbTe4bw1ojffIwW1DUeyYeK3Z6E14LgQXE5YPdGG1oN3vC1aTg0Y4leLWb/AFXpMBIouJOu9d16uSVO/wD1PFocWUaRykF1RzTqnFowx2YxsV4Wtfws0lBr4l/lHpFfTb6cmrSJOF0Ma2qd+N5nksy08NrvNs1Yn/xhnk164i2cMba8HGzt2Q17uqbx9Fk1alerz6zz/wCNjKY7CGyu+np+0fNRyk9BfNf0s7t3Dy1ON2nZiDIHLOEuyHJYwqk//UwU3XK1VpfMHiqdd1Jp2TxhLjvaIXO6BsRbVMF940qwZNQmSKL3RE45TlmBuXA2oOa/DME95A/Rd4RalTZxm416b+59NaA04LQG4t5TbzHsN6nUbtaTiDgcDsOvBaVqBukZ7l4n/pfpKpRpVWPBhlWjVpSZINW/fGG3i2GOvavaLbWh4OEXXA94I8lnWlEacWcJpp9nc9zIaXtdD8MWmAYJjOCOwptlFJuTWt7lX4RBlW0OfE4ATJ1D6HYq1GyM6HquUVGKpNnR5N3RusqUtre8KT7Uwa294VGhZ6fRb3BXadMagO5ZbRaYv26n0h3pXV6bxB5Q3tJSOp7lGRsKnI1zI62j6D86fytc3/bCp1eD9M801G9jSPET4rQvlHHFPoDEr8Gn/C8H8wDfIFZ9bQNdvwE72uafAkFdY2rvUl5VSkiOKODqWJ7cXU6o3mmY71Bddqa7uK9CD9/uoK9ipv51Nh62tJ74lVar6k4aOHbUqjIP/qTvttVuc9oXTV+D1A/AW72ud5GR4Kk7gszU9/aAfGFc4vdfoMZLZmMNJu/wSPUp7dJ45EdUFXqnBd3wmetxH9hVapweqj/tk9VRvq0Kfy30FzQo0n/F3j9EKudD1f3L/wD7KfshTh6f5Rc5/lm5adJMIgtvDePFZj6zRzXPZ1PJ8HSsgvd9FRG8vTgjz5slZpC0NqFpr1LhBghrXEAGScAJMAYHac4Ve222u4m7aKhbqJN2YGfJ25rP0jZaj6lJ11zmNdy2tddJaSL0GRiW3hmM1oULMeMc5jCynIuMcZI5LQ74nRLg5wEmLwE4KYRTs68aWGC779SB1ir1GgOJIxMucSTMZ3icMEwaGeMy0fXUthxfqPmo+Je7P1RSfQy0urbM9uitrz2BWGaKbsces+0LUs9ijNadGyhc5ak+5uOnDscf+GaUQGuH8xw71NZdA06RvNZjESZPnguxbZRsUgso2LlnPudMIdjnaVNwybHUErr+/uXR06AyTzZB9Qo3Iqo5C0ceCypTN2pTcHsO8bdyq6RpUK5NRzX2d55zOLNSnOs03NMxng6Iyk5rtnWIbu9QPsDdg8VuM5IzKCZhaItrWcW0CpcpuDuZDqjgZEzyWN3ScztXQWnhFWrEyLjTqBknrIy7EU7GzO79d6sU6Lej4rDbfQqSKNKqrVNx3K01n8PgkNMDq8lnma5CsJ2qVtQjXKjBbq9E1zvrBPUORa44qN1fHOFC1p/yoa9NzhgMVUmRstOtrRnj9b01ttGPvKxbkH6+pSQP8Lvw/Jw4vg2+PEQcDnMpBahgJn19lz4vSpmugZo9PyOL4NylWJJkTsCc1zhiSVjUrW4bT5qYWx3+VnBmuJE2GWg7cE8P1ysP7zdiIGeHV1pzdI7QsvTkVakTdFYhN+0LFOktyUaV/hUwkXOJtcd1IWQNIM39yFnGRrKJh8U3onuKAxvRPcuc/E1fa35Al/E9fa35AvfT7Hhs6UNB+HwUgp/wrlxwmtHSb8gSnhNaOk35Gpi+xbOp4vcnRGpcn+JbR0m/K1O/Eto6Tfkapi+ws6cgnJPZIXKjhHX6TflCc7hBWnBwjqCYvsW/J1nGlKbQ76K5D8QV9rflW3wUtr69RzakOAZOAjG8BqXLVlw4ObXJGoep0mX3VXzgEor1NgVHhZbn0KjG0oa0skyA6TJxx7Fh/iGv0h8jPZNKXFgppbiVwdNnWMrVJxAWg2pthcH+IK/THyM9kfiCv0x8jPZalpNljq0ehUamMSI7EVarm7PBeffiG0dMfIz2Su4RWg5vHyM9llaLK9Y7o2x27vCPtbtg7wuE/EFo6Y+Rnsj7+tHTHyM9lrheCcV9zs6lR2ojqlJff0guN+/rR0x8jPZKOEFo6Y+Rnsrw32M8TydfL+klL37Vxx0/aP3g+Rn/ABQNP2j95/Qz2ThvsMzrXCecPFDmZ4DHqVLg7pptb9lVgVPhdkHboyDvNUdPVbVZ3c8GmTyXcWz5XcnPzXCOsuJwmqfnr9DTj6cuhrhmzyTg3cAuSPCGv+87mUx/amnT9fpj5G+y9GEjGSOvwG/uhDjOeHcFyA0/aBlUHyM9k06dr9IfIz2TFktHY3xqz24KKRt8VyR07X6Q+Rnsk+/LR0h8jPZMJDJHXQNUJvZ5rkzpy0dIfIz2SjT9fpD5G+ymEi5I6njNyFy33/W6Q+RvslTCQyRigJYSpQF3s50IEsIjclDTsPiloUIhLdOwpeLOwpkhQiVFw7CluO2HuS0KEVzRukqlBxdTIBIgyAcJnWNyqCm7Ye4peLdsPksyUZKpbFVrmi5pLSlWuQapBIECABn1KmnGi7Z4hNLCMfUKRwiqjSQbbdsVEpA0nIIcwjUtWicx0ovJgYdicKZ2FLQHX0X03iXbCjiXbClotMdfReTbjthSFp2FLRBxekv7103AY41ZgY08/wCfJdfWrtw5Tc+kNhWHOnRrHkeXU72BaHSMiAZnURCu2nTtpe0sqVJacCCxn/GZXoVe1U4I4xk5c5uvtXmVuaXVahGINR+IyPKOI3LNQm7kly7l9SXJlcpFJ9ndsScQ5dMl3M0yO8i+n/Z3fRCDZ3bEyj3FMbxm5LxgQaDtniE3iHbPVMo9xTHcYEF4TRQcdSV1lcNQ7x7plHuKYXkiUWZ3R8QkTKPcUy2wzl3xKsMaTPtHmo+MAEjukDvxSgj9JJC8bO9kgce4daaHRmY7kx4kwMMMIG7qKjNn259nopyGTLRcCNfdChFNs/olDJEEADURhOrJJcymDns7sVSNseSyIg9gj1+oTGXM5z2j1TTUBEugRlyhPgldRByJA3EeqEJLgMG8I6vFAYHYX+7DUq7SRnJx1gegT3y6CABtwBA65QtitsoBJvDuHfKfToxPKbtnI+CiNXx7+zCPFLSBJm8OqIPYq2yfQASZx8vMJGUgOdlnvUs6xM7YkJrodmNW6JSxRGKYnB0nZ16vBTOoubtG3M/XUk4vCA2BtEAwD4JCcM+zLrJIV5sITjjmMe7NRvtBBg+pQ6odWEYZk9aU1Rra3xk9auLI2R/aiNvenOtm0atSUtb0M98j/G5I5rjOW3JKMeruTNt5yDNUHkMMg6jIQ3SLwZDbv8jANe7eq7LwOQ7h7Kw04GWk/W2E5lSvcUaTfgW3ZGsBg8gm2i3ufAcZ+WezBRPY3MFw2xifJIwjW6OwY+CcyPkH2nUPP6xSBzp5o65/VPdRbOuN5EeSY5gHxf1AidmSyVWIXTq8fSU+RrPj6IZS6p24INjk557x5Ibp9gFRrczh1e2fUnjS1NuFwOGzFru3UlpWLYe72Q+xN1kHqAHriifMuLHPtrHA/s43gj6I91VNcY9Q2AjxU1OztGMAnfI8kObGUQRsyV3JRWifhb2kIUjrPJn1CEJRIRye1ITBMYYNy6ihCyULKcB+Z3qm2dxLs/iPmUITuZLLhzev0T3NF3L6kIQqa6FG2YYao9VI0ckdTvNCFQ9yCm43W461eotGzZ5IQsh7EtQQRGw+ajpHm/l9UIQkQtmAEYYnLqVakZYO1IhVbGphTP7MHXBx15bVYs/NnXGetIhUi+IjqnkTrwTrojJKhVFe417BdmBrS1Bj9bkIWiA0Yd6iqmJjDLzCRChBamoqqQOMHU3/AGpULK6iWw6vze0Jpcbgx1eyEKgR2Q6vRMpPMtxOe1CFDRc0c4k4mevFaThym7xihCy9wVm+/kpabRGXxeqEKGuotVonJKhCxZ1o/9k=,
https://cdn4.vectorstock.com/i/1000x1000/39/48/aeroplane-vector-1003948.jpg,
https://1.bp.blogspot.com/-pZcZYOwCSzc/WptjLJhSbhI/AAAAAAAABXU/8asAElTvCZ4pbQSaV8PRg8XLyTP2L2cjwCLcBGAs/s1600/facts-about-aeroplane-in-hindi.jpg,
https://i.guim.co.uk/img/media/9809d8c5bd16a32e7946149b27e65321b18d837f/0_187_5616_3370/master/5616.jpg?width=1200&height=630&quality=85&auto=format&fit=crop&overlay-align=bottom%2Cleft&overlay-width=100p&overlay-base64=L2ltZy9zdGF0aWMvb3ZlcmxheXMvdGctZGVmYXVsdC5wbmc&s=e3b1d25d14bde98e2bdd843c02520b2c