images_url,https://encrypted-tbn0.gstatic.com/images?q=tbn%3AANd9GcRuHW3oyfyhjnorOwy-KhrBuwo1f2P_h24eJZjfBsIEjHPxkxiN&usqp=CAU,
https://encrypted-tbn0.gstatic.com/images?q=tbn%3AANd9GcTpvyfGjg_2XJ2zJEUvoohj1DVIgX0hSwHxZrGQTLOpROSobVTt&usqp=CAU,
https://akm-img-a-in.tosshub.com/indiatoday/images/story/201910/ambulance-story_647_1124150808.jpeg?OIPdIb5A1nDFlHAWySkaCVZfzPnVvSGz,
https://thumbs.dreamstime.com/b/speeding-ambulance-25070773.jpg,
https://encrypted-tbn0.gstatic.com/images?q=tbn%3AANd9GcRUUTNKOvNRHQN4HXuu-VQisRfuvKaYl3nPfzmHSvGa3MEg75cg&usqp=CAU,
https://thumbs.dreamstime.com/b/ambulance-british-responding-to-emergency-hazardous-bad-weather-driving-conditions-uk-motorway-91664291.jpg,
https://encrypted-tbn0.gstatic.com/images?q=tbn%3AANd9GcRKAOVqf_jrDphos7ss_8C9nhJkATkYEgN62HWQ8dmcC2uAbD4X&usqp=CAU,
https://encrypted-tbn0.gstatic.com/images?q=tbn%3AANd9GcTcjO5XlxI7XTxYvqqab9HoJbQ0g_i6Ll2cNAXdNZ6RJhW5NFy4&usqp=CAU,
https://ichef.bbci.co.uk/news/1024/branded_news/57C5/production/_105896422_ambulance_chrisradburnpa.jpg,
https://encrypted-tbn0.gstatic.com/images?q=tbn%3AANd9GcSw6X0dn4Ezl_RhzXp0Ckuj6bTG_8PXcXKrpbbKQdkPN_JNWgws&usqp=CAU,
https://encrypted-tbn0.gstatic.com/images?q=tbn%3AANd9GcT1bW7fCFJd86naKE-wtJEIl1ELoeZP-vKrHykjX0sqeb7ay4pJ&usqp=CAU,
https://encrypted-tbn0.gstatic.com/images?q=tbn%3AANd9GcSx3ZPj1TXP4LIG10I-KVp2dMeqLOqsG_twHQPU2A-70Q0lb92S&usqp=CAU,
https://encrypted-tbn0.gstatic.com/images?q=tbn%3AANd9GcRi-GLoi_99oLIAQc8NpolLmzFO0E1aaZJ23tP8730-ZZ9fWRqv&usqp=CAU,
https://encrypted-tbn0.gstatic.com/images?q=tbn%3AANd9GcTBp-1Y1yZaQSnzghjag5WWg40dKmi0bD1b4ETTb1a1b2ijQrA4&usqp=CAU,
https://encrypted-tbn0.gstatic.com/images?q=tbn%3AANd9GcSvT7iwJByCpzo7capZ_bxtLt7Gzqi1zagKoW-0hgcqncpwdt2K&usqp=CAU,
https://www.medicahospitals.in/wp-content/uploads/2019/08/ambulance-new.jpg,
https://upload.wikimedia.org/wikipedia/commons/thumb/6/68/Ambulance-p1030618.jpg/1200px-Ambulance-p1030618.jpg,
https://static01.nyt.com/images/2019/08/08/insider/02-rc-callout/merlin_133369826_d9991233-cbf8-4b7c-a183-5887613107e9-superJumbo.jpg,
https://encrypted-tbn0.gstatic.com/images?q=tbn%3AANd9GcR7GMrSFKPcdPm0l7LtKQrSynM9Gs6QLXLW3debIaKxlGJeKoXL&usqp=CAU,
https://encrypted-tbn0.gstatic.com/images?q=tbn%3AANd9GcTETlQbvg0Fvis3EoEuvHKBTg5jBEaAJkvLdtm_uNV03waNamQY&usqp=CAU,
https://encrypted-tbn0.gstatic.com/images?q=tbn%3AANd9GcSqutCZ4x2fTYZfcBLQn1qVZJ89xshR3s-xO_CfyTvMxhmhbk4e&usqp=CAU,
https://static.toiimg.com/thumb/msid-73105659,imgsize-535136,width-400,resizemode-4/73105659.jpg,
https://www.winger-tatamotors.com/blog/wp-content/uploads/2019/11/How-Tata-Winger-Ambulance-Van.jpg,
https://www.teckinfo.com/images/ambulance_img.jpg,
https://encrypted-tbn0.gstatic.com/images?q=tbn%3AANd9GcQkWTEmzcXAwHOjWBUD2IEEr4W3LS8-1qiTTEUUHNn3Keoolsl1&usqp=CAU,
https://encrypted-tbn0.gstatic.com/images?q=tbn%3AANd9GcTqSlgQ3NfYkuzIgBzDTQ6BNYyuKmyo4bzs6QdJRcrBZbbocklr&usqp=CAU,
https://www.zhl.org.in/blog/wp-content/uploads/2019/09/What-Is-The-Emergency-Number-Of-Ambulance.jpg,
https://new-img.patrika.com/upload/2019/07/19/ambulence_4856970_835x547-m.jpeg,
https://www.zhl.org.in/blog/wp-content/uploads/2019/09/Ambulance-Service.jpg,
https://encrypted-tbn0.gstatic.com/images?q=tbn%3AANd9GcS2BCBJtHlaYma8GFVDH0octexDcAsN_mzVArEVZukugx57aLBB&usqp=CAU,
https://encrypted-tbn0.gstatic.com/images?q=tbn%3AANd9GcQwmAaRGhjXtqfKSsQEglhfAUNIZPylQyrN-KD6XeFO704r6Z11&usqp=CAU,
https://images-na.ssl-images-amazon.com/images/I/614jsgPjhpL._SL1025_.jpg,
https://encrypted-tbn0.gstatic.com/images?q=tbn%3AANd9GcTTt8f-ZFgrtivFAPDNYaT-vQdIfv9sIBYMnrts89-NbopAhkAv&usqp=CAU,
https://encrypted-tbn0.gstatic.com/images?q=tbn%3AANd9GcTLArAhmpFSU95J2BOexG_hTEIfDIoeTVqAbfzGQBNsNf20dGJH&usqp=CAU,
https://www.rmagroup.net/wp-content/uploads/2018/01/Tranit-for-Blog-495x400.jpg,
https://cdn5.vectorstock.com/i/1000x1000/06/59/ambulance-car-medical-service-vector-22390659.jpg,
https://encrypted-tbn0.gstatic.com/images?q=tbn%3AANd9GcRa-qp-O1Dd5dSSU7jH0A4RuKEV9RvZSdvCKFpIYFBxxjSi43yH&usqp=CAU,
https://encrypted-tbn0.gstatic.com/images?q=tbn%3AANd9GcTXzdpANkJYGkJ3v_Hy_fONufJq8dPH5yau1R6cKEQH5dOzQkMx&usqp=CAU,
https://cdn2.vectorstock.com/i/1000x1000/35/11/cartoon-ambulance-emergency-car-or-truck-vector-22713511.jpg,
https://bsmedia.business-standard.com/_media/bs/img/article/2017-03/16/full/1489641215-079.jpg,
https://encrypted-tbn0.gstatic.com/images?q=tbn%3AANd9GcQduGCVdFgnyMMN0sl6zZHaoPcIp7h5-031O8WtT0FnTEO97goQ&usqp=CAU,
https://i0.wp.com/post.healthline.com/wp-content/uploads/2019/10/paramedic-opening-ambulance-1296x728-header-1296x728.jpg?w=1155&h=1528,
https://encrypted-tbn0.gstatic.com/images?q=tbn%3AANd9GcTO-Uc2nfFXsLeS2OPTNPFZu9-w1rhejfIiW9yO1JZ1l6w44lyX&usqp=CAU,
https://5.imimg.com/data5/YX/KR/YF/SELLER-15973426/force-traveller-ambulance-b-type-patient-transport--500x500.png,
https://encrypted-tbn0.gstatic.com/images?q=tbn%3AANd9GcR3HwnzkqHlxuV3qY05HL-KRwpNtpF8DmjQluG83QFlepdu786z&usqp=CAU,
https://images.jdmagicbox.com/comp/chandigarh/m9/0172px172.x172.180327094241.c3m9/catalogue/gurdeep-ambulance-service-sector-12-chandigarh-ambulance-services-m4u1u63ukw.jpg,
https://lifesaversambulance.com/wp-content/uploads/2016/08/Road-Ambulance-Services.jpg,
https://img.etimg.com/thumb/width-640,height-480,imgsize-184529,resizemode-1,msid-58845391/now-get-help-in-medical-emergency-even-before-ambulance-arrives.jpg,
https://spectrum.ieee.org/image/MzQwMzgyNA.jpeg,
https://i.ytimg.com/vi/vdsxMet7H2k/maxresdefault.jpg,
https://encrypted-tbn0.gstatic.com/images?q=tbn%3AANd9GcSr8FE2hQCu1ZzSiWpqr7l1gb2LMudlX9mhmFUX-fOEb1aUTf1m&usqp=CAU,
https://upload.wikimedia.org/wikipedia/commons/9/91/LJ58OJX_LONDON_AMBULANCE_QUEEN_VICTORIA_STREET_CITY_OF_LONDON_%2826124592264%29_%28cropped%29.jpg,
https://5.imimg.com/data5/JA/KE/YX/SELLER-8229651/force-traveller-3350-wb-ac-cardiac-ambulance-500x500.png,
https://health.mizoram.gov.in/uploads/attachments/70b04134a029617f693616d91549d6f3/ambulance.jpg,
https://i.guim.co.uk/img/media/ef1a94e202150213fee7a714ae7e142e79eb3f15/24_74_4736_2841/master/4736.jpg?width=1200&height=630&quality=85&auto=format&fit=crop&overlay-align=bottom%2Cleft&overlay-width=100p&overlay-base64=L2ltZy9zdGF0aWMvb3ZlcmxheXMvdGctZGVmYXVsdC5wbmc&s=4df784b5d2b88347c624c7c0575b35af,
https://encrypted-tbn0.gstatic.com/images?q=tbn%3AANd9GcQlviNXJgv5u-2xTZgwphLO3p_UF4QU86nfuRJqvrVVHrY9S9Lb&usqp=CAU,
https://encrypted-tbn0.gstatic.com/images?q=tbn%3AANd9GcStdG8kZ2DI1M8DpWgC2W-LdJXrBwK4kPTZXUJsJDkjlwRUWOzQ&usqp=CAU,
https://encrypted-tbn0.gstatic.com/images?q=tbn%3AANd9GcTvhSXGad4c0WwHqBk6GIDduvx2UG1dqTW2Ou_KlPCvTsS9oEbW&usqp=CAU,
https://www.medivicaviation.com/wp-content/uploads/2016/05/ground-ambulance.jpg,
https://encrypted-tbn0.gstatic.com/images?q=tbn%3AANd9GcS-f1G4FD7Ng3YWj7aQ6Rmpp6QWnLkW7z5l3JQ89szebyD-4Waw&usqp=CAU,
https://encrypted-tbn0.gstatic.com/images?q=tbn%3AANd9GcQB98YQgymycRJMCgQltf800QYGGj8zZPECFSgxAUDJI-GDmylD&usqp=CAU,
https://akm-img-a-in.tosshub.com/indiatoday/images/story/201501/red-650_012015085726.jpg,
https://5.imimg.com/data5/CL/TN/JZ/SELLER-15973426/force-traveller-basic-life-support-ambulance-c-type--500x500.png,
https://www.thehindu.com/news/cities/Thiruvananthapuram/6t07wg/article29443454.ece/ALTERNATES/LANDSCAPE_1200/18TVKANIVU108,
https://encrypted-tbn0.gstatic.com/images?q=tbn%3AANd9GcTMUfaEGadYpaWCBhYzzZtKKHLAdEcT5bAiLFNQSzgFPKuWfRHD&usqp=CAU,
https://encrypted-tbn0.gstatic.com/images?q=tbn%3AANd9GcT2eFuZLxDcgdNRji4xVmx54G9I_JFsSSODvhfoa4DcyzCoaZDc&usqp=CAU,
https://encrypted-tbn0.gstatic.com/images?q=tbn%3AANd9GcSIG2zkPKY2JzWijKNx3BqwQd_PSrcIN1Vv6asOxL6sPb4vi2b_&usqp=CAU,
https://encrypted-tbn0.gstatic.com/images?q=tbn%3AANd9GcQZcHp51PWdTq_CcxBJni2mCV8dV8ZqK8CkdZhBIH3CT8z7WLQ-&usqp=CAU,
https://encrypted-tbn0.gstatic.com/images?q=tbn%3AANd9GcQlAijqdIYfkV-6e_uoYaFWplDri2Lq9KWe5f8FFuBdzmIX-6P1&usqp=CAU,
https://i.ytimg.com/vi/mRjY4oREB-8/hqdefault.jpg,
https://encrypted-tbn0.gstatic.com/images?q=tbn%3AANd9GcQ24ea163LRgReAzVopZMl_ZbkqzVzu_mlXQdou86az2SztTAvV&usqp=CAU,
https://encrypted-tbn0.gstatic.com/images?q=tbn%3AANd9GcT2V4RwSUClAahSRgdmRLuM0Jjwjxkjbyml7dTjwO7jZI9AOJ8A&usqp=CAU,
https://encrypted-tbn0.gstatic.com/images?q=tbn%3AANd9GcSdXMholMSDhYil_YuaXfbzGfdGXLQLV5wYjhV1Gx7KLYAxrGbk&usqp=CAU,
https://encrypted-tbn0.gstatic.com/images?q=tbn%3AANd9GcS80nTxnMG-9TpbQohsMuYUE-n2cJaH0wzB1uz9vIfGFazkD_iN&usqp=CAU,
https://th.thgim.com/news/cities/Thiruvananthapuram/6t07wg/article29443454.ece/alternates/FREE_435/18TVKANIVU108,
https://upload.wikimedia.org/wikipedia/commons/7/78/2017_Mercedes-Benz_Sprinter_%28W_906%29_313_CDI_MWB_van%2C_St_John_Ambulance_%282017-12-09%29.jpg,
https://encrypted-tbn0.gstatic.com/images?q=tbn%3AANd9GcRwyWqKMLYTtGP9SiF8I-tffpfni2lgzW0mS45Q5blRxjf1lazG&usqp=CAU,
https://encrypted-tbn0.gstatic.com/images?q=tbn%3AANd9GcTBmk5QmkB3sNgWWLqmj07twSXlc2v12G2YxDj8w4Ci_iUDvIIn&usqp=CAU,
https://i1.wp.com/metro.co.uk/wp-content/uploads/2019/09/PRI_87074771-e1569605314749.jpg?quality=90&strip=all&zoom=1&resize=540%2C377&ssl=1,
https://encrypted-tbn0.gstatic.com/images?q=tbn%3AANd9GcQe5H2X0Eh3G6TZMoPETn6pZiMFsGmMHj0gjQ385phfuuxMj0v8&usqp=CAU,
https://encrypted-tbn0.gstatic.com/images?q=tbn%3AANd9GcSEBZuuKyG7J-qVsN7iIyuFTafzo64fUJgIh-_kYCil5PzGyZzO&usqp=CAU,
https://factly.in/wp-content/uploads//2020/03/Ambulance-services-featured-image.jpg,
https://encrypted-tbn0.gstatic.com/images?q=tbn%3AANd9GcSTKq8eRRl6n_Qsncfh7WB5S9Igw3ESJwi_EnjXM5nYvmcIXn61&usqp=CAU,
https://upload.wikimedia.org/wikipedia/commons/1/11/2016_Fiat_Ducato_42_Maxi_West_Midlands_Ambulance_Service_3.0.jpg,
https://encrypted-tbn0.gstatic.com/images?q=tbn%3AANd9GcQTYU1fuUbKgJLGq33QpjiaQCMTMY0K8nKYXDQVQbTaV31blkBJ&usqp=CAU,
https://encrypted-tbn0.gstatic.com/images?q=tbn%3AANd9GcRtqP76byTnWSp0akzvBXOBHZX03IY2yFApUjlSZhcyWxhb6N7h&usqp=CAU,
https://encrypted-tbn0.gstatic.com/images?q=tbn%3AANd9GcSzXHtDiu-ZQGxJ3n8HS8La88cfa2MyZkHQwwVh_0XBRrQLusPd&usqp=CAU,
https://encrypted-tbn0.gstatic.com/images?q=tbn%3AANd9GcS4EPiLNON1Fu5HUe-Q0IYQW6ddAP5KgtX4HcR03jcOaAK9YhYZ&usqp=CAU,
https://encrypted-tbn0.gstatic.com/images?q=tbn%3AANd9GcQSCpV5Z7L0Crli8oJe3yP9XGDgmrzmq_WKR7XwbTV2bcxYxX6A&usqp=CAU,
https://encrypted-tbn0.gstatic.com/images?q=tbn%3AANd9GcTaaz9CYSwjhTYQ9eObZr4PAJOa7jY-xQNC3vdmVwRoXxOd19FV&usqp=CAU,
https://d27ucmmhxk51xv.cloudfront.net/media/english/illustration/ambulance.jpg?version=1.2.1,
https://ehealth.eletsonline.com/wp-content/uploads/2019/08/Tata-Ambulance-1280x720.jpg,
https://www.thestatesman.com/wp-content/uploads/2019/11/AMBULANCE.jpg,
https://static.turbosquid.com/Preview/2019/03/09__05_46_08/456_IvecoDailyAmb_0000.jpg99D15154-B95E-4D6F-8A59-7E4AF4EA97B6DefaultHQ.jpg,
https://www.deccanherald.com/sites/dh/files/article_images/2019/12/15/file73jtdghzv9zh3u6knnq-1576378248.jpg,
https://encrypted-tbn0.gstatic.com/images?q=tbn%3AANd9GcSsXySLJiZwkG4W96BVvAAGtfnQ1Jw7Cf6x06l3DbZ-EamV3jiE&usqp=CAU,
https://encrypted-tbn0.gstatic.com/images?q=tbn%3AANd9GcQr_VOqeziHezboNyOWYJ-AtTouE2HwJEYEI73Wm7Ow7f8VC6AZ&usqp=CAU,
https://www.cityambulanceservice.in/wp-content/uploads/2019/11/5.jpg,
https://m.jagranjosh.com/imported/images/E/Others/India_assisted_ambulance_service_launched_for_srilanka1%20(1).jpg,
https://content3.jdmagicbox.com/comp/delhi/x7/011pxx11.xx11.180615175643.m3x7/catalogue/j-s-ambulance-services-mayur-vihar-phase-3-delhi-ambulance-services-fuldytzpvi.jpg?clr=333333,
https://encrypted-tbn0.gstatic.com/images?q=tbn%3AANd9GcSMTsiyFjjNQ6dGa7xP-8Bvbbj5SVY6JmPuMuNv9Ens2mIvmiuS&usqp=CAU,
https://encrypted-tbn0.gstatic.com/images?q=tbn%3AANd9GcTZGFvzj1zq0SKD9UD0CV28apmZQnhOIBf8Q5bRxqftGmp-RTO4&usqp=CAU,
https://img.medicalexpo.com/images_me/photo-g/77756-14692929.jpg,
https://dictionary.cambridge.org/images/thumb/ambula_noun_002_00907.jpg?version=5.0.74,
https://ichef.bbci.co.uk/images/ic/960x540/p081pkst.jpg,
https://static.toiimg.com/thumb/msid-71267662,imgsize-109645,width-400,resizemode-4/71267662.jpg,
https://ichef.bbci.co.uk/news/410/cpsprodpb/E07F/production/_106417475_a23afa4c-bd0a-48e9-9c06-3efb46ebbb3c.jpg,
https://cdn.motor1.com/images/mgl/ZBEwK/s1/dubai-ambulance-corvette.jpg,
https://encrypted-tbn0.gstatic.com/images?q=tbn%3AANd9GcQE5IfBPuTJ4_6YmtITjoMGWKUpJnztC31Uorm6f5dNGUs6j0Xt&usqp=CAU,
https://previews.123rf.com/images/lisitsaimage/lisitsaimage1902/lisitsaimage190200034/120403217-vector-illustration-ambulance-car-on-white-background-ambulance-auto-paramedic-emergency-ambulance-v.jpg,
https://img.etimg.com/thumb/width-640,height-480,imgsize-306331,resizemode-1,msid-61134380/maharashtra-government-to-totally-fund-phone-an-ambulance-service.jpg,
https://encrypted-tbn0.gstatic.com/images?q=tbn%3AANd9GcT9TnNLeDUQ4fcQF7EV7hfVeWsT_80tPfcIul9doqkalUNJPhgH&usqp=CAU,
https://images.newindianexpress.com/uploads/user/imagelibrary/2020/2/12/w1200X800/Ambulance_PTI.jpg,
https://encrypted-tbn0.gstatic.com/images?q=tbn%3AANd9GcQuNK895tpTMdOZwtwLPtecHk00wBG_SqGhjI74qZFCXcpMQtsg&usqp=CAU,
https://static.toiimg.com/thumb/msid-61908572,imgsize-92498,width-400,resizemode-4/61908572.jpg,
https://i.pinimg.com/originals/75/2d/dc/752ddce53d7d97fe7112fff5449b4fe8.jpg,
https://image.shutterstock.com/image-illustration/ambulance-car-rides-trough-tunnel-260nw-1159851319.jpg,
https://resources.mynewsdesk.com/image/upload/c_limit,dpr_2.625,f_auto,h_700,q_auto,w_360/f6iy5chbrgyop9iefdb4.jpg,
https://encrypted-tbn0.gstatic.com/images?q=tbn%3AANd9GcRz2OxkajjuvEVGDeRSAcZ-OWqZGgRosAeAJhUtTbw8A8F0bucl&usqp=CAU,
https://encrypted-tbn0.gstatic.com/images?q=tbn%3AANd9GcSkPHcKOb37mE-wsgXC_hKx3ixppp_s1JKI_OvRxyZoxav_V99u&usqp=CAU,
https://encrypted-tbn0.gstatic.com/images?q=tbn%3AANd9GcQLySkrH4KwsUlXE063sT05-Xt3sxjf472wvzGL3GxRkkhcEb2R&usqp=CAU,
https://www.zhl.org.in/blog/wp-content/uploads/2019/10/Ziqitza-Madhyapradesh-Ambulance.jpg,
https://image.shutterstock.com/image-vector/ambulance-special-medical-vehicles-realistic-260nw-726368077.jpg,
https://encrypted-tbn0.gstatic.com/images?q=tbn%3AANd9GcQtSbmfANZ6iFLKr_3BLiT34OcncKHJs9jPzEDPq2IjKYgBbtAt&usqp=CAU,
https://encrypted-tbn0.gstatic.com/images?q=tbn%3AANd9GcQmaW_xztsozTtZx5ghg9Fk52bxGe7nU6J43CQJi17i9pxOGHPi&usqp=CAU,
https://keralakaumudi.com/web-news/en/2019/11/NMAN0107983/image/ambulance-.1574430185.jpg,
https://encrypted-tbn0.gstatic.com/images?q=tbn%3AANd9GcQZtBmK9nIpAKBWGFJ8Ag9IB_xpCVywZ0aSOxRRes9ZfFZH8XqW&usqp=CAU,
https://m.telegraphindia.com/unsafe/620x350/smart/static.telegraphindia.com/derivative/THE_TELEGRAPH/1677109/16X9/image027857b0-a2e0-4abf-9347-305282062178.jpg,
https://encrypted-tbn0.gstatic.com/images?q=tbn%3AANd9GcQ7Ww6gVUvtNci9KxL0N2Blw48BIeL5xW4kkSQWK269SJzyAr6Q&usqp=CAU,
https://encrypted-tbn0.gstatic.com/images?q=tbn%3AANd9GcSoOCA3MVvRW7sB5FAuMCv0JgjTWQCXZzM0icvV-cK1fmWbfqwT&usqp=CAU,
https://encrypted-tbn0.gstatic.com/images?q=tbn%3AANd9GcR3-P9e50myytMrBl864GrY4SHCnrSKt03rXWeEDLG4KK89k1in&usqp=CAU,
https://static.turbosquid.com/Preview/2019/05/01__07_31_20/mercedesbenzsprinterwhitecrossambulance01.pngF90DBBBA-9B09-4A79-96A1-D780418E6D58Zoom.jpg,
https://www.auroville.org/system/image_attachments/images/000/008/066/large/Ambulance.jpg?1407370492,
https://encrypted-tbn0.gstatic.com/images?q=tbn%3AANd9GcQu9oLgW6pZb8c-iUA6tFXfOABSOPtVeKf3GJsvFvR6M5O4LdJw&usqp=CAU,
https://media-exp1.licdn.com/dms/image/C561BAQFYOjFmq5EHjg/company-background_10000/0?e=2159024400&v=beta&t=R0qAdQM9E9MZyTbr1ukMACs1VRa3DB1eiHyi9FWSyL4,
https://i.ytimg.com/vi/UClBcKfQVIs/maxresdefault.jpg,
https://encrypted-tbn0.gstatic.com/images?q=tbn%3AANd9GcTCXEHhoi5PgMsQLeAT53EHL2L79R1h-iYKcrlSQjqIxcVY4TFv&usqp=CAU,
https://encrypted-tbn0.gstatic.com/images?q=tbn%3AANd9GcTG7nOsGVkMPb1hxTq3CG3UF9IFEcpGHGZ7A7w6XzLG9hWv0rBX&usqp=CAU,
https://resize.indiatvnews.com/en/resize/newbucket/715_-/2019/07/ambulance-service-1563421681.jpg,
https://www.thenewsminute.com/sites/default/files/styles/news_detail/public/ambulance_child_750.jpg?itok=MREjxmet,
https://encrypted-tbn0.gstatic.com/images?q=tbn%3AANd9GcSYn9P2LnYs0DsVgMKO9dV1ytVcXSREUH8q-oIqIGN_RM18yqk5&usqp=CAU,
https://images.yourstory.com/cs/2/eab8e580-2d6a-11e9-aa97-9329348d4c3e/Imagewxxo1559729852746.jpg,
https://www.yourdictionary.com/images/definitions/lg/169.ambulance.jpg,
https://akm-img-a-in.tosshub.com/indiatoday/images/story/202002/Ambulance__0.jpeg?_eGBhqvkICM2BINYk1eiMjPAJewE0QSJ,
https://cdn3.vectorstock.com/i/1000x1000/39/42/ambulance-vector-233942.jpg,
https://encrypted-tbn0.gstatic.com/images?q=tbn%3AANd9GcSb0moUrKKrXudHkaPiHFTkDLeGPXGnXuAz8iiGx8M7e9XrERdN&usqp=CAU,
https://upload.wikimedia.org/wikipedia/commons/thumb/e/e4/Ambulance_Graz_side2.jpg/1200px-Ambulance_Graz_side2.jpg,
https://encrypted-tbn0.gstatic.com/images?q=tbn%3AANd9GcSfPvsKAS546XmrvJjGsfW3JfAernVnDG-IKqExCEj76x5pULy4&usqp=CAU,
https://encrypted-tbn0.gstatic.com/images?q=tbn%3AANd9GcRIX8b-E4zrTX8IbJu3IdKS-PPD-Ytrm2WKSButnl0JysziBZYt&usqp=CAU,
https://aniportalimages.s3.amazonaws.com/media/details/StrokeonWheels_Oct30.jpg,
https://www.medicahospitals.in/wp-content/uploads/2019/08/sahayta-ambulance.jpg,
https://specials-images.forbesimg.com/imageserve/1160469455/960x0.jpg?fit=scale,
https://images.jdmagicbox.com/comp/pune/s7/020pxx20.xx20.170722122708.g7s7/catalogue/jet-cardiac-ambulance-services-chinchwad-pune-24-hours-ambulance-services-ktns9.jpg?clr=#491d1d,
https://images.newindianexpress.com/uploads/user/imagelibrary/2020/2/13/w900X450/Kanivu.jpg,
https://encrypted-tbn0.gstatic.com/images?q=tbn%3AANd9GcRrkKO-57X0W2u76-KBly_SXWhUD4xFqYY7uwQ7Yc9OuB2v4pay&usqp=CAU,
https://encrypted-tbn0.gstatic.com/images?q=tbn%3AANd9GcSALj9rmBAO1zWizkQPlHFz53nyguzGBJon7iC0t-QZ_LkoSRDr&usqp=CAU,
https://encrypted-tbn0.gstatic.com/images?q=tbn%3AANd9GcRl9FcOO07_cxl6UWkkwav5XmMFqVoCaBzlO-6Tb4bZHEyP5Rop&usqp=CAU,
https://encrypted-tbn0.gstatic.com/images?q=tbn%3AANd9GcRiVa8Kv7Quwo6B_EkE52jcTtQ_GzY7i0HLiQTw1FY76ZuJQT3V&usqp=CAU,
https://encrypted-tbn0.gstatic.com/images?q=tbn%3AANd9GcStgxX7d37G4cKRkc2fpBIRCvQyqny--s7nreFQpMC_lTI5JYN3&usqp=CAU,
https://encrypted-tbn0.gstatic.com/images?q=tbn%3AANd9GcRkokrcBMOgK5OftVpuSeW8XMnwCu-zMXf9DOFeWNz6pDVKBi5i&usqp=CAU,
https://images.unsplash.com/photo-1554734867-bf3c00a49371?ixlib=rb-1.2.1&ixid=eyJhcHBfaWQiOjEyMDd9&w=1000&q=80,
https://encrypted-tbn0.gstatic.com/images?q=tbn%3AANd9GcQ08hrEGvAQBHSnYp2_pctGUvpSpEiJhc9alQSibQwFkfW6nZvG&usqp=CAU,
https://images-na.ssl-images-amazon.com/images/I/71uPdz5mI1L._SY355_.jpg