images_url,https://www.economist.com/sites/default/files/images/print-edition/20180224_STP005_0.jpg,
https://dkt6rvnu67rqj.cloudfront.net/cdn/ff/tpWy09V5tfN_Il2UBj8nPU4FZvPDpNBQSecbyXiqbuM/1574345660/public/styles/322x405/public/media/int_files/1008357.jpg?itok=c5qoLzeh,
https://encrypted-tbn0.gstatic.com/images?q=tbn%3AANd9GcQjsTqphQAs_CRv2y153pUIwM1dYjLcr5Rdvu1F8ahTl-Yh6J-g&usqp=CAU,
https://encrypted-tbn0.gstatic.com/images?q=tbn%3AANd9GcQjMJzrUfzSdDm9hW5XCHtg3Dc0HY_xFBBBO_TvzW7_F3rmi3It&usqp=CAU,
https://encrypted-tbn0.gstatic.com/images?q=tbn%3AANd9GcRJ9HDhYNW5_1rG3gtUll9iNzQmSV68h8XYAglLEPar66cc7rUA&usqp=CAU,
https://ichef.bbci.co.uk/news/1024/branded_news/18A6/production/_110901360_gettyimages-1200532465.jpg,
https://encrypted-tbn0.gstatic.com/images?q=tbn%3AANd9GcSi0TW7trGdkXEF0uP78h8Fb4hTdgx0hK-va-U_Q8tOQwDvY_Ar&usqp=CAU,
https://kids.nationalgeographic.com/content/dam/kidsea/kids-core-objects/backgrounds/youareleaving_kids.adapt.768.1.jpg,
https://encrypted-tbn0.gstatic.com/images?q=tbn%3AANd9GcRESfJGI4YTV0LITzfG64_fMDSRmM0IQFlv0YCQ4BotFKcLSjwt&usqp=CAU,
https://www.thetimes.co.uk/imageserver/image/%2Fmethode%2Ftimes%2Fprod%2Fweb%2Fbin%2F6995b9ce-f0ec-11e9-ba44-aad5db5172e7.jpg?crop=1999%2C1333%2C0%2C0,
https://resize.hswstatic.com/w_550/h_309/gif/koala-tree-1.jpg,
https://encrypted-tbn0.gstatic.com/images?q=tbn%3AANd9GcSE-2OMgbB2QLMk2i0KEieEUtG2xsFTTUV5402lhBS5VCth90gk&usqp=CAU,
https://www.plantbasednews.org/.image/t_share/MTY1OTMzMDk2MzQyOTIzMjEx/lion-king-animals.jpg,
https://upload.wikimedia.org/wikipedia/commons/thumb/e/ec/Indian_rhinoceros_%28Rhinoceros_unicornis%29_4.jpg/450px-Indian_rhinoceros_%28Rhinoceros_unicornis%29_4.jpg,
https://www.nhm.ac.uk/content/dam/nhmwww/discover/ipbes/amur-leopard-hero-desktop.jpg.thumb.1920.1920.png,
https://encrypted-tbn0.gstatic.com/images?q=tbn%3AANd9GcT7Fgg1SYImSevr1gz3KGpcEQyVX-_cKDK06P_N6JUCi4LIDOhA&usqp=CAU,
https://encrypted-tbn0.gstatic.com/images?q=tbn%3AANd9GcQs_5o_BAvVgNnuMNUGZwLMtcg6krPw1-TJHlV4p-hhXEiuCA-g&usqp=CAU,
https://encrypted-tbn0.gstatic.com/images?q=tbn%3AANd9GcRPUtoDqxCrg-yjVQnxwON9itTETjwLeWYSZUA4KXdZ-tO1G_IT&usqp=CAU,
https://encrypted-tbn0.gstatic.com/images?q=tbn%3AANd9GcS261-xQlZ7iTJXcoLf95wP1ZqiBqklcJs4MyGoFsG5k5dbFI0n&usqp=CAU,
https://encrypted-tbn0.gstatic.com/images?q=tbn%3AANd9GcTMUrxw-MJu7NBAEybo2gPBEVFFcBFlv5CZflGL5EVSPXq8P8WK&usqp=CAU,
https://static01.nyt.com/images/2020/03/13/science/13VIRUS-LABANIMALS1/13VIRUS-LABANIMALS1-mediumSquareAt3X.jpg,
https://encrypted-tbn0.gstatic.com/images?q=tbn%3AANd9GcQhnfe-9Tvw32c74mhPYPXEk3k1qeas3mgDx2rjJBj_SG3krrmo&usqp=CAU,
https://www.efsa.europa.eu/sites/default/files/styles/landing_page_banner/public/AHAW%20picture.png?itok=Zh_I4Oxz,
https://encrypted-tbn0.gstatic.com/images?q=tbn%3AANd9GcR4_YQDddSKx6UonJrzUgNJ-G8tmkIFG1D0FWn16kP4sDpaPavV&usqp=CAU,
https://www.nationalgeographic.com/content/dam/magazine/rights-exempt/2020/04/departments/ex-optimism/ex-optimism-sumatran-rhinoceros.adapt.885.1.jpg,
https://encrypted-tbn0.gstatic.com/images?q=tbn%3AANd9GcRylY67D81aBHaJRg8YGPYNFWao6R6F178yNWPwuOB807hN_k6l&usqp=CAU,
https://encrypted-tbn0.gstatic.com/images?q=tbn%3AANd9GcT6F8_ceXtPJKBdr9BzUhkqQjss7UnMQGBUEkUzP2V4as9VaXqY&usqp=CAU,
https://cdn.britannica.com/s:800x450,c:crop/34/180334-138-4235A017/subordinate-meerkat-pack.jpg,
https://c402277.ssl.cf1.rackcdn.com/photos/18134/images/hero_small/Medium_WW226365.jpg?1574452099,
https://i.ytimg.com/vi/Jy_gXQ6GQxo/maxresdefault.jpg,
https://thumbs-prod.si-cdn.com/Hs_WcqpG4RZEsRKsWwF-4SaeETQ=/fit-in/1600x0/filters:focal(990x666:991x667)/https://public-media.si-cdn.com/filer/45/56/4556b542-a972-4f0b-95e5-eba93bf4d438/gettyimages-1052872052.jpg,
https://static.boredpanda.com/blog/wp-content/uploads/2020/03/wildlife-nature-photography-costa-rica-supreet-sahoo-coverimage.jpg,
https://encrypted-tbn0.gstatic.com/images?q=tbn%3AANd9GcSVnypRBEq-9OTXVBnL_zcojuiX425CCAg1oszorrynadKdaYaD&usqp=CAU,
https://encrypted-tbn0.gstatic.com/images?q=tbn%3AANd9GcQ5OsbwoCe3ZCA65Oe08iXaJwhFT9qN-usaOKbkqsgyqNMNA2La&usqp=CAU,
https://www.snopes.com/tachyon/2019/08/GettyImages-1005462320-e1566596015475.jpg?resize=865,452,
https://encrypted-tbn0.gstatic.com/images?q=tbn%3AANd9GcRglIjdGqyTElbeRnTrwxgm1LxWGKu3bCWVdnoJ2F7_tcmV6eNN&usqp=CAU,
https://encrypted-tbn0.gstatic.com/images?q=tbn%3AANd9GcSTHbhGnZ20UiwJlE7R85wp6iPonGD1fIcP5e0ldaf3K6dt-Te8&usqp=CAU,
https://i.guim.co.uk/img/media/836de8cae71f2bc17abbc74496169f393de779cb/0_160_4741_2845/master/4741.jpg?width=1200&height=630&quality=85&auto=format&fit=crop&overlay-align=bottom%2Cleft&overlay-width=100p&overlay-base64=L2ltZy9zdGF0aWMvb3ZlcmxheXMvdGctZGVmYXVsdC5wbmc&s=4317dfabb30a82c750165d23f2ff382c,
https://encrypted-tbn0.gstatic.com/images?q=tbn%3AANd9GcT4AA-mQiSyTG3e98F_mPngQo_jgkty0Azpgc3_m1Y5Lkf0gENd&usqp=CAU,
https://encrypted-tbn0.gstatic.com/images?q=tbn%3AANd9GcR_kkH8b3hvxrWP3WSmhqaske3DrdUG7lxaMhb879_262MLlYl9&usqp=CAU,
https://pi.tedcdn.com/r/talkstar-assets.s3.amazonaws.com/production/playlists/playlist_59/animals_that_amaze.jpg?quality=89&w=800,
https://encrypted-tbn0.gstatic.com/images?q=tbn%3AANd9GcTdyDZ-WD-aCKKu0r_1yawJ09JmmD43Bp1jx24-9YTu4yV_bu2v&usqp=CAU,
https://encrypted-tbn0.gstatic.com/images?q=tbn%3AANd9GcSjEvf7x_HXDbD6cSe8aL_8NfQdMa5Sa_DGyDUCUNueqIlzb8U-&usqp=CAU,
https://nu.aeon.co/images/c5470b2b-0754-4e23-a5ae-44b25f683960/idea_sized-kleiner_munsterlander_ii.jpg,
https://static.designboom.com/wp-content/uploads/2016/10/things-i-have-drawn-child-drawing-photoshop-reality-designboom-08.jpg,
https://encrypted-tbn0.gstatic.com/images?q=tbn%3AANd9GcQST4Mmebwjxj4i2PtR2YRxg6TuNnGk-WgL9nO2p6EqCxn3ksvc&usqp=CAU,
https://encrypted-tbn0.gstatic.com/images?q=tbn%3AANd9GcRhU7Mo9drBRku9KprUmYZIL8oVSmZvlfoPH_faSfPcQmHoTLNU&usqp=CAU,
https://encrypted-tbn0.gstatic.com/images?q=tbn%3AANd9GcSE74xY3q_ES73xkU66t90HZgg8B25g__EfIbfw7EoTj2uP5O3_&usqp=CAU,
https://encrypted-tbn0.gstatic.com/images?q=tbn%3AANd9GcS2LyQ2MhCiVkSxC_YaqgM2H61gFFWRV-eKyunHFrw9Y9P4_pB5&usqp=CAU,
https://encrypted-tbn0.gstatic.com/images?q=tbn%3AANd9GcR5OjKlaVoI_HRLpWK7U-ugNivmT_HVCE3AsAeI4Et1qNZINstA&usqp=CAU,
https://www.dw.com/image/19136366_303.jpg,
https://encrypted-tbn0.gstatic.com/images?q=tbn%3AANd9GcRdGjpN0s0sd6GzmVqju228Aj2WbYN9ZvQEmWp_fMmM3yOIKGZS&usqp=CAU,
https://hips.hearstapps.com/hmg-prod.s3.amazonaws.com/images/cute-baby-animals-1558535060.jpg,
https://www.telegraph.co.uk/content/dam/news/2017/09/11/TELEMMGLPICT000128896766_trans%2B%2BpVlberWd9EgFPZtcLiMQfy2dmClwgbjjulYfPTELibA.jpeg,
https://cdn2.wanderlust.co.uk/media/1021/sumatran-orangutan-main.jpg?anchor=center&mode=crop&width=1200&height=0&rnd=132282461860000000,
https://encrypted-tbn0.gstatic.com/images?q=tbn%3AANd9GcQa_Me8hcN2AM0DKwUHvCGRSMOVoJLTna8H4FQCTT-4dpo3tkiZ&usqp=CAU,
https://static.boredpanda.com/blog/wp-content/uploads/2020/03/orangutans-otters-friendship-belgian-zoo-coverimage.jpg,
https://encrypted-tbn0.gstatic.com/images?q=tbn%3AANd9GcRC0uGDoNPETPkIEdJJflCplgxkt_Unv6iA3eAu1J5O_rEd8qLl&usqp=CAU,
https://r.ddmcdn.com/s_f/o_1/APL/uploads/2014/08/gorilla-little-debbie-2310.jpg,
https://encrypted-tbn0.gstatic.com/images?q=tbn%3AANd9GcQ0U00Rs22mbMa8CqW6SwUZK9ZQlHdLpyIJjh0V-S3Cdgv51YvL&usqp=CAU,
https://images2.minutemediacdn.com/image/upload/c_crop,h_1348,w_2400,x_0,y_44/f_auto,q_auto,w_1100/v1584393343/shape/mentalfloss/79887-wikimedia_commons.jpg,
https://encrypted-tbn0.gstatic.com/images?q=tbn%3AANd9GcQ_M6b3d5McV2SXkvDdkIWreiFl79k6BzrSnNoeJV6o-MrWjnnN&usqp=CAU,
https://encrypted-tbn0.gstatic.com/images?q=tbn%3AANd9GcQ-C3hUnUOV6A5-mIv94bnchN_F5faFaRCN23dJy1P1sVhux5dB&usqp=CAU,
https://encrypted-tbn0.gstatic.com/images?q=tbn%3AANd9GcTUTcVqkDkdqMP29ESbvEWiaUcOntF0R_QurIhEbYp9UooOuode&usqp=CAU,
https://dkt6rvnu67rqj.cloudfront.net/cdn/ff/4Yy-GmbiGAWl-v3Zxxr3sLBuBbVZMQBNGgykTfMUxd8/1585251554/public/styles/600x400/public/media/1018311.jpg?h=dd86b5f5&itok=sffYfpxc,
https://thumbor.forbes.com/thumbor/960x0/https%3A%2F%2Fspecials-images.forbesimg.com%2Fdam%2Fimageserve%2F1082511254%2F960x0.jpg%3Ffit%3Dscale,
https://sm.mashable.com/t/mashable_sea/photo/default/national-animals-southeast-asia_8kp4.960.jpg,
https://encrypted-tbn0.gstatic.com/images?q=tbn%3AANd9GcSAjmv-ns5HyBoswFBkN-KNWohUoHQOJ4wPZunEx9zR6_jV1PXR&usqp=CAU,
https://encrypted-tbn0.gstatic.com/images?q=tbn%3AANd9GcSWxU3GjMNRrZ8L5ReDtcaBC_xY_Y2sdqJMkWqG5lfa11q5IR8N&usqp=CAU,
https://encrypted-tbn0.gstatic.com/images?q=tbn%3AANd9GcRXVjJDZQs4HFmZokRh5nOlcvUl7hgkVUC5CsCacielXSzRFmvF&usqp=CAU,
https://images.pexels.com/photos/66898/elephant-cub-tsavo-kenya-66898.jpeg?auto=compress&cs=tinysrgb&dpr=1&w=500,
https://encrypted-tbn0.gstatic.com/images?q=tbn%3AANd9GcQCo8FsFni8pIuHB1BICobVFleELpaK2eTWFyosBPQTwpcYD2F0&usqp=CAU,
https://encrypted-tbn0.gstatic.com/images?q=tbn%3AANd9GcStV0_r9VZJMqXsx5Z196UYoqt7wK7emjYSbGXKD8cLEO4ZlB-I&usqp=CAU,
https://asset-manager.bbcchannels.com/iv2/2fjif1c20e61000.webp,
https://encrypted-tbn0.gstatic.com/images?q=tbn%3AANd9GcSnbr7QdgPKJ9uF8Hy4hn4LOF7LPeBie_lsIOfp2JvEoOcJ9OcN&usqp=CAU,
https://encrypted-tbn0.gstatic.com/images?q=tbn%3AANd9GcQZNETKcmTjYd7qUKmv9la1q_MwLoaeaZCoA1WPBgZ6k9e9pqOs&usqp=CAU,
https://assets.change.org/photos/8/pp/zg/tHPPzGNExRxoxzm-800x450-noPad.jpg?1576688040,
https://encrypted-tbn0.gstatic.com/images?q=tbn%3AANd9GcQvGBG7pFKKWkwdppqjGqApaqkdEJkirv3MAjpwGcCwLtsxZSt7&usqp=CAU,
https://encrypted-tbn0.gstatic.com/images?q=tbn%3AANd9GcTHV56wnFMi4xY4vC9X96vRdU4weG3xajHI86WVOjrXayMppxMA&usqp=CAU,
https://media.pri.org/s3fs-public/styles/story_main/public/images/2020/02/2020-2-10-lion_roar_africa_cropped.jpg?itok=PIeryQBG,
https://encrypted-tbn0.gstatic.com/images?q=tbn%3AANd9GcQeonBuJ4545-8bbr8IYMDwUt_XRiBfePw-5ZV8OMNwMR4-Aoy8&usqp=CAU,
https://i.ytimg.com/vi/xyfSIiQvzf4/maxresdefault.jpg,
https://www.mdpi.com/title_story/title_story_1583310928975.jpg,
https://i.ytimg.com/vi/ZXblC3wc7tM/maxresdefault.jpg,
https://thumbs-prod.si-cdn.com/IqwiRm4zkBE80oXi9qplOb6K3oY=/800x600/filters:no_upscale()/https://public-media.si-cdn.com/filer/08/7f/087fd4f3-9d69-422c-a26c-b0565990203f/bbjet3.jpg,
https://encrypted-tbn0.gstatic.com/images?q=tbn%3AANd9GcQ3OKplX294d6va3fAr-TMLJYc3mFFFnOaKz7YE_OkrBmRtTpog&usqp=CAU,
https://www.nationalgeographic.com/content/dam/ngdotcom/rights-exempt/homepage/AdditionalRightsCleared/nationalgeographic_1777610.ngsversion.1530492474140.adapt.1900.1.jpg,
https://encrypted-tbn0.gstatic.com/images?q=tbn%3AANd9GcTJscT6Bn8fGktmGHrEKyG-_qAPFMne83eROQmIqWk5kqhaTOu9&usqp=CAU,
https://encrypted-tbn0.gstatic.com/images?q=tbn%3AANd9GcQdmbpkJf1Fnw6MGEYrS2HjEh8nvp2kstiISqyU0lK-gqbF9qR7&usqp=CAU,
https://i.guim.co.uk/img/media/b8e4ce6c7ad0e905d3a9e43066f21c88bc81666f/0_422_3941_2365/master/3941.jpg?width=1200&height=630&quality=85&auto=format&fit=crop&overlay-align=bottom%2Cleft&overlay-width=100p&overlay-base64=L2ltZy9zdGF0aWMvb3ZlcmxheXMvdGctb3BpbmlvbnMucG5n&s=46e92084a726bb746dcdd4a8eee64ab3,
https://s26162.pcdn.co/wp-content/uploads/2019/08/animals.jpg,
https://www.inforum.com/incoming/5023177-4dhsy3-bighornsheep.jpg/alternates/BASE_LANDSCAPE/bighornsheep.jpg,
https://www.trafalgar.com/real-word/wp-content/uploads/sites/3/2019/10/giant-panda-750x400.jpg,
https://www.nationalgeographic.com/content/dam/animals/2020/03/animals-understand-numbers/01-animals-understand-numbers-nationalgeographic_1283467.jpg,
https://encrypted-tbn0.gstatic.com/images?q=tbn%3AANd9GcRHJTCtyNkkucqV9xYfUedHru4w2dg2NJ0rEwmfkafxt0gpfvhU&usqp=CAU,
https://image.shutterstock.com/image-photo/large-group-african-safari-animals-260nw-727249072.jpg,
https://images.ctfassets.net/cnu0m8re1exe/1ovSlTbob7r5MDPK2yFIy4/68a513fb54518da96079d38bd84b30a8/Lionesses.jpg?w=650&h=433&fit=fill,
https://cdn.the-scientist.com/assets/articleNo/67294/aImg/36607/monkey-tb-m.jpg,
https://files.explore.org/files/African-Animals-35373907.jpg,
https://encrypted-tbn0.gstatic.com/images?q=tbn%3AANd9GcTuCyKP4ju-ncAFKOsSgoayNMRJWdU-G_hN2rqXQp3AUJBHINjq&usqp=CAU,
https://encrypted-tbn0.gstatic.com/images?q=tbn%3AANd9GcQbFelBtEUWtsQyIDyZXFEJ13duNRHfeBn9LVbhwIivIBAIJAfU&usqp=CAU,
https://i.insider.com/5b31407d1ae66254008b5381?width=1136&format=jpeg,
https://encrypted-tbn0.gstatic.com/images?q=tbn%3AANd9GcRViOyz1c1Nt9IijzIY0aR2LWAvwOtR4tMzNYp0VDO7DWF69xge&usqp=CAU,
https://encrypted-tbn0.gstatic.com/images?q=tbn%3AANd9GcS9weBLlymBiR_3V1XdDYQH-YGw8genDEzNCLccEg32Nn6WC9Ey&usqp=CAU,
https://www.peta.org/wp-content/uploads/2017/03/iStock-157381164_freder.jpg,
https://encrypted-tbn0.gstatic.com/images?q=tbn%3AANd9GcSx7DrYfaxgQv93mdC5CBo9DOGWzRmSSKp_jw9iKcellVJ4BNr6&usqp=CAU,
https://static.boredpanda.com/blog/wp-content/uploads/2020/03/funny-animals-photoshopped-cats-koty-vezde-coverimage2.jpg,
https://encrypted-tbn0.gstatic.com/images?q=tbn%3AANd9GcRLakCPnXEp1FUrFo4jaDhV9k11A90F9qRf1pVAe2SXagHUw04B&usqp=CAU,
https://mymodernmet.com/wp/wp-content/uploads/2019/08/photo-manipulation-animals-ronald-ong-6.jpg,
https://ichef.bbci.co.uk/news/1024/cpsprodpb/978E/production/_110989783_animals-comp.jpg,
https://hips.hearstapps.com/hmg-prod.s3.amazonaws.com/images/lionel-animals-to-follow-on-instagram-1568319926.jpg?crop=0.922xw:0.738xh;0.0555xw,0.142xh&resize=640:*,
https://encrypted-tbn0.gstatic.com/images?q=tbn%3AANd9GcS666-02LBAN7_do8ou9LawVffPOjqknd7PqBmTJlE5zWeO_7Ny&usqp=CAU,
https://ugc.futurelearn.com/uploads/images/22/4d/hero_224d5494-6ec8-417a-b502-7ca3b4ae57f3.jpg,
https://i.insider.com/5c5ea105eb3ce829f1301513?width=1100&format=jpeg&auto=webp,
https://encrypted-tbn0.gstatic.com/images?q=tbn%3AANd9GcReBDsiORSua1wXWh6J300pzxPkZ1VFJ_TTq0TKvJncaq3iEV9o&usqp=CAU,
https://encrypted-tbn0.gstatic.com/images?q=tbn%3AANd9GcSQsAHlcIJmlLTs99bv7cP22vF0su9UWC6N9aVJWB2RXbweoZ4F&usqp=CAU,
https://www.sciencenews.org/wp-content/uploads/2020/03/032620_EG_pangolin_feat-800x450.jpg,
https://hips.hearstapps.com/hmg-prod.s3.amazonaws.com/images/headshot-of-giraffe-sabi-sands-game-reserve-royalty-free-image-1573571198.jpg,
https://www.thesun.co.uk/wp-content/uploads/2019/01/NINTCHDBPICT000490305192.jpg,
https://encrypted-tbn0.gstatic.com/images?q=tbn%3AANd9GcRU5JfQ4309O5fcIqeoJimcSV-HTQvmlLwYxBF2s4VqFT4H54ZS&usqp=CAU,
https://encrypted-tbn0.gstatic.com/images?q=tbn%3AANd9GcTAQH0-lHa9WJm08hzTO5mRvFnu_4hRh7Qlgfz73PeTlD4G6QHR&usqp=CAU,
https://listverse.com/wp-content/uploads/2020/03/iu-5-1.jpeg,
https://encrypted-tbn0.gstatic.com/images?q=tbn%3AANd9GcSxGJqxxFXVbQi6beCVoe0-lZgKUJn38d9KCg1npbubKvUa34dq&usqp=CAU,
https://s2.reutersmedia.net/resources/r/?m=02&d=20191204&t=2&i=1460119204&r=LYNXMPEFB317G&w=1280,
https://cdn.mos.cms.futurecdn.net/Z6j2a3pPdyBTQ5iicDe9kn-320-80.jpg,
https://images.unsplash.com/photo-1500467525088-aafe28c0a95e?ixlib=rb-1.2.1&w=1000&q=80,
https://encrypted-tbn0.gstatic.com/images?q=tbn%3AANd9GcSTuZTGDXTKG5cSZAEWGzmFlIsjXxdOYZIliEfiGuBuMUP5u6BM&usqp=CAU,
https://encrypted-tbn0.gstatic.com/images?q=tbn%3AANd9GcSz2nrQV0HeFBBnPOPt1GKfyZ94OFm6Nv4TvdpYGX7zZJP7bNGB&usqp=CAU,
https://encrypted-tbn0.gstatic.com/images?q=tbn%3AANd9GcTFjfcG1V_YNh0e6Bu-JfaEKwl_PsBcId_69kcR7mLwN_8wLlRK&usqp=CAU,
https://animals.sandiegozoo.org/sites/default/files/2016-09/animals_hero_lions_0.jpg,
https://encrypted-tbn0.gstatic.com/images?q=tbn%3AANd9GcRVxh3HBZyZc071O3uPipiX1PlvAX5Rn9wURmugPE2UFa4SOHCt&usqp=CAU,
https://encrypted-tbn0.gstatic.com/images?q=tbn%3AANd9GcTw5CsAFIK7llTPNkwbdVtfZfuMo0Ntv5JWFWEUzU4FpxOWFmbx&usqp=CAU,
https://encrypted-tbn0.gstatic.com/images?q=tbn%3AANd9GcSCpOYfXlyuYI6Rtmsf_P-BpzW5_X84X8hkx494jhanqAruE21n&usqp=CAU,
https://encrypted-tbn0.gstatic.com/images?q=tbn%3AANd9GcSJWp3gwIqKF27RLzSB6tbr_eaPeDG_u1hNkWDcaxHgBcDcOZNI&usqp=CAU,
https://ichef.bbci.co.uk/news/1024/branded_news/11F4/production/_111369540_mediaitem111369539.jpg,
https://encrypted-tbn0.gstatic.com/images?q=tbn%3AANd9GcSXj1mk0pFZ97FQYGAN1wh6J6WvH65Lf-GDBZjALLXFcyLKIAv8&usqp=CAU,
https://cdn.cnn.com/cnnnext/dam/assets/190716004902-the-lion-king-mufasa-simba-large-169.jpg,
https://i.ytimg.com/vi/G569uHzxRD4/maxresdefault.jpg,
https://www.balisafarimarinepark.com/wp-content/uploads/2019/02/What-makes-an-animal-a-Mammal-2.jpg,
https://images.theconversation.com/files/285143/original/file-20190722-11355-1peled7.jpg?ixlib=rb-1.1.0&q=45&auto=format&w=926&fit=clip,
https://encrypted-tbn0.gstatic.com/images?q=tbn%3AANd9GcRdrUWkw1-zRNqNb5gMdqF2CpDh_gAjc36oIyWzujH8w1h71k_w&usqp=CAU,
https://encrypted-tbn0.gstatic.com/images?q=tbn%3AANd9GcS5E_kXoHcYWsZdnML0ZC8C-hwOTfDMtjhi8QlhkP4KilJIWrR2&usqp=CAU,
https://tedideas.files.wordpress.com/2019/05/featured_art_hyena_istock.jpg,
https://encrypted-tbn0.gstatic.com/images?q=tbn%3AANd9GcQCCpphlrjyKjdPSAdUHEWnnzbq-jP0ek8C29ZMueCPeYe6lzws&usqp=CAU,
https://encrypted-tbn0.gstatic.com/images?q=tbn%3AANd9GcQy9WrYwFwg3BZUr4Vir5P178d5wg8RbXBEq4XnPLOxUonMtLu3&usqp=CAU,
https://hips.hearstapps.com/hmg-prod.s3.amazonaws.com/images/6-1527622864.jpg?crop=1.00xw:0.666xh;0,0.00961xh&resize=640:*,
https://encrypted-tbn0.gstatic.com/images?q=tbn%3AANd9GcQ4PSbP9-tEvTaCfiEA783hZ-3vEpjKUpaCLIHjrTYlp2QXchKB&usqp=CAU,
https://ichef.bbci.co.uk/news/410/cpsprodpb/BEEB/production/_108557884_gettyimages-486237421.jpg,
https://encrypted-tbn0.gstatic.com/images?q=tbn%3AANd9GcRfiEm5WlIAK6wuu9GOHdhnkRNpf7PJ_KfsdVettV7NsR6g_nWc&usqp=CAU,
https://encrypted-tbn0.gstatic.com/images?q=tbn%3AANd9GcSyk3E2JskWsrRD33DrNx__SsaZGDk_Lmb2V7Nk5q9AemcwG-rp&usqp=CAU,
https://animals.sandiegozoo.org/sites/default/files/2016-11/animals_hero_giraffe_1_0.jpg,
https://singularityhub.com/wp-content/uploads/2019/10/animal-free-protein.jpg,
https://cdn.mos.cms.futurecdn.net/xoJPkzGNFuXhRjWZPAQbeE-320-80.jpg,
https://www.scitecheuropa.eu/wp-content/uploads/2020/01/animal-rescued-696x392.jpg,
https://cdn.britannica.com/s:900x675/80/140480-131-28E57753/Dromedary-camels.jpg,
https://images2.minutemediacdn.com/image/upload/c_crop,h_1455,w_2587,x_0,y_423/f_auto,q_auto,w_1100/v1554917589/shape/mentalfloss/62012-istock-833768276.jpg,
https://encrypted-tbn0.gstatic.com/images?q=tbn%3AANd9GcR8fecboie4ipGU3K51CJ0N6Tc5UYFmDnEoaT_5aaKjkbFKGxn1&usqp=CAU,
https://static01.nyt.com/images/2018/01/16/science/16SCI-WAR-01/16SCI-WAR-01-superJumbo.jpg,
https://r.ddmcdn.com/w_830/s_f/o_1/cx_98/cy_0/cw_640/ch_360/APL/uploads/2015/07/cecil-AP463227356214-1000x400.jpg,
https://encrypted-tbn0.gstatic.com/images?q=tbn%3AANd9GcRpSv-0mEFgDIwZ_vVJvy9rWuSZH99B79_Kia80bqjPiAtlUYH0&usqp=CAU,
https://encrypted-tbn0.gstatic.com/images?q=tbn%3AANd9GcRMwa6gxOTzaPr2ooBycR2O6uymPNQgNIb7YXvxGTOt81utfyL1&usqp=CAU,
https://encrypted-tbn0.gstatic.com/images?q=tbn%3AANd9GcS810nbcWqjucpwBEkzigCSYieY1xaaaa3eMYYd01wSqL0IWji4&usqp=CAU,
https://scx1.b-cdn.net/csz/news/800/2019/lyingsitting.jpg