images_url,https://encrypted-tbn0.gstatic.com/images?q=tbn%3AANd9GcREm_i_Ex-aat9yBYXWCmAacJmi2z-QcDjxNYUwHmGpY1saU6Io&usqp=CAU,
https://encrypted-tbn0.gstatic.com/images?q=tbn%3AANd9GcRk5reDf51BKM4MLY4zAEo1FUwIhYAk3cZV3otp1bm5wndyHRx9&usqp=CAU,
https://encrypted-tbn0.gstatic.com/images?q=tbn%3AANd9GcRXVNx_Ezumn3Zo7DxBtEkf-LilCV8pz6mvOWlZ5-VMUX-prDPU&usqp=CAU,
https://encrypted-tbn0.gstatic.com/images?q=tbn%3AANd9GcQS9NGGykeUZe3b4nlr8tVMULMAI8X2r2nISx3vQRHlD92MFP_C&usqp=CAU,
https://encrypted-tbn0.gstatic.com/images?q=tbn%3AANd9GcTnP1KtFF0yGWBoEdNQwdWGDTKup7lAQKQd1LIBmMnN65HQj_Q8&usqp=CAU,
https://thumbs-prod.si-cdn.com/3n9RUFERlyCPoyPq4Vpg2MWmgw4=/fit-in/1600x0/https://public-media.si-cdn.com/filer/46/c7/46c7da28-e266-497b-9bc3-d25e291ee962/istock-1144653112.jpg,
https://encrypted-tbn0.gstatic.com/images?q=tbn%3AANd9GcT4vcnpPP1XxDXNYjPoRdsbQNbGAA6jv0cHNd1dgbFZLJxLooLG&usqp=CAU,
https://www.allaboutbirds.org/news/wp-content/uploads/2018/12/JanLewis-Baltimore-Oriole-Birdspotter.jpg,
https://www.sciencealert.com/images/2019-01/processed/BirdoVisionUVcamera_1024.jpg,
https://lh3.googleusercontent.com/proxy/97MyedfGdkb9LcrlMaXCr1gPxid60LVDZcs_JjF1Ec43-5kNXCvYx7wJclZHb8SLm-OVXoOKq8OywFGv866o3ppRLI5T2ehJIywbH8BMPQamXkGs0WoFH_7KQzu5NC4T5BtLkhNzNOl8p-UR,
https://www.imperial.ac.uk/ImageCropToolT4/imageTool/uploaded-images/newseventsimage_1557320321101_mainnews2012_x1.jpg,
https://specials-images.forbesimg.com/imageserve/5e12f7854e291700061a84bb/960x0.jpg?fit=scale,
https://encrypted-tbn0.gstatic.com/images?q=tbn%3AANd9GcQwSq4DfXlhB5pAOaEqUWsiTR3yj7WMS-RrVrhnBNwsX_W0sreo&usqp=CAU,
https://encrypted-tbn0.gstatic.com/images?q=tbn%3AANd9GcTCwoS5Das0FWVL59aLVlwEfm-_V_RI24NH8x39ZobmNm2RJoll&usqp=CAU,
https://ca-times.brightspotcdn.com/dims4/default/9ec559e/2147483647/strip/true/crop/1822x1024+0+0/resize/840x472!/quality/90/?url=https%3A%2F%2Fcalifornia-times-brightspot.s3.amazonaws.com%2Fd8%2F40%2F7d325fc1135ccaf17cacceaf3429%2Fla-1477440218-snap-photo,
https://encrypted-tbn0.gstatic.com/images?q=tbn%3AANd9GcQ_nSGu8IXYsHgoYo9Cm6tBMGhT9nQT6jCAs4ii4Nx090OpQvr3&usqp=CAU,
https://res.cloudinary.com/dk-find-out/image/upload/q_80,w_960,f_auto/DCTM_Penguin_UK_DK_AL526630_wkmzns.jpg,
https://m.jagranjosh.com/imported/images/E/GK/states%20of%20india%20report.jpg,
https://encrypted-tbn0.gstatic.com/images?q=tbn%3AANd9GcQxSVvkeHtouUsfmn1D8lCIplwGQbrohrKnmLjKdclVK10N-86N&usqp=CAU,
https://cdn.mos.cms.futurecdn.net/g4P4qbMkDxmKyqhwd44AzD-1200-80.jpg,
https://upload.wikimedia.org/wikipedia/commons/thumb/b/bf/Bird_Diversity_2013.png/300px-Bird_Diversity_2013.png,
https://encrypted-tbn0.gstatic.com/images?q=tbn%3AANd9GcT6-M9cr6GVHAoEASUZdhl9_0_Y27ikEwL4LuDRiWKC6XMxO1GD&usqp=CAU,
https://encrypted-tbn0.gstatic.com/images?q=tbn%3AANd9GcQzmjYJNOUFUmWDKO4KgoCkb97rH9VEVkuZ9PZJb69gL2NlgMHf&usqp=CAU,
https://encrypted-tbn0.gstatic.com/images?q=tbn%3AANd9GcQt7WIkx5xumnT8MFwb7KtYtqXvZbsOlx8XIBtdj76toFrO3uPm&usqp=CAU,
https://i.ytimg.com/vi/axa5KI06RDE/maxresdefault.jpg,
https://cdn.britannica.com/s:500x350/88/588-004-2F28F47F/flamingo.jpg,
https://d2r55xnwy6nx47.cloudfront.net/uploads/2018/05/Birds_by_AdityaSaxena_2880x1620.jpg,
https://encrypted-tbn0.gstatic.com/images?q=tbn%3AANd9GcRO3DdRuyfCJEpublgsNLMEObaapsy8r_FjgE3S36UHdOQxafet&usqp=CAU,
https://encrypted-tbn0.gstatic.com/images?q=tbn%3AANd9GcS90rJAiTOEUd_-owvWWYLLQJ6RtXDUjOAu-OAfvdqZb4O6xuUT&usqp=CAU,
https://encrypted-tbn0.gstatic.com/images?q=tbn%3AANd9GcSrzwVeagOaOrAeJx8kmBQOAcTj9K26rlE7QLJR8G-FkR1qzSB-&usqp=CAU,
https://pi.tedcdn.com/r/pf.tedcdn.com/images/playlists/ted-talks-for-bird-enthusiasts_776954355.jpg?quality=89&w=256,
https://encrypted-tbn0.gstatic.com/images?q=tbn%3AANd9GcQe8YH-rJzA2N5fQaIcsQZpERuunhwljAEtTdXvkcCOp9zj_QvH&usqp=CAU,
https://scx1.b-cdn.net/csz/news/800/2019/1-birdsofafeat.jpg,
https://lh3.googleusercontent.com/NgmCfUVjb-PLK3Xyd_SOVhXyM03UnHUJRYgaK8dpPV9b8ikowlsIc3nB9fX_DG9wIg,
https://static.scientificamerican.com/sciam/cache/file/7A715AD8-449D-4B5A-ABA2C5D92D9B5A21_source.png,
https://encrypted-tbn0.gstatic.com/images?q=tbn%3AANd9GcQB-FUTzvEzXHMFYXr0C-_45NJxoIJ1fyrU9_SSIJEb0XypPD8k&usqp=CAU,
https://i0.wp.com/movingtips.wpengine.com/wp-content/uploads/2019/08/birds-transporting.jpg?fit=1024%2C684&ssl=1,
https://hips.hearstapps.com/hmg-prod.s3.amazonaws.com/images/796px-balaeniceps-rex-ueno-zoo-tokyo-japan-8a-1546624649.jpg?crop=1.00xw:0.334xh;0,0.0757xh&resize=480:*,
https://encrypted-tbn0.gstatic.com/images?q=tbn%3AANd9GcSpPjY9SD5woOfxPAFIbOPflHRjPc6VojrUuWHbkwSNcO6NYtY3&usqp=CAU,
https://images.unsplash.com/photo-1550030085-00cee362ae48?ixlib=rb-1.2.1&w=1000&q=80,
https://sm.mashable.com/t/mashable_in/photo/default/bird-cover_59t2.960.jpg,
https://static.independent.co.uk/s3fs-public/thumbnails/image/2020/02/18/14/glossy-ibis.jpg,
https://www.cam.ac.uk/sites/www.cam.ac.uk/files/styles/content-885x432/public/news/research/news/per-tillmannweb.jpg?itok=k2XiaiV4,
https://images.axios.com/Si72m0WFckW2t9SaS5ElztdYRD4=/2019/09/19/1568918873574.jpg,
https://encrypted-tbn0.gstatic.com/images?q=tbn%3AANd9GcSlKcQJuVXVPf0pC0bKo7KTwF_1eH0RhT08T7J0Pv4F-dZ35bn7&usqp=CAU,
https://static01.nyt.com/images/2019/09/19/science/19SCI-MATTER-BIRDS4/19SCI-MATTER-BIRDS4-superJumbo.jpg,
https://encrypted-tbn0.gstatic.com/images?q=tbn%3AANd9GcSXrdVHZ89J6KWw97cRCjo5pI9o-Ux9_m5DjWNcZA08zcaMju-C&usqp=CAU,
https://encrypted-tbn0.gstatic.com/images?q=tbn%3AANd9GcSEZbfkrmz-xerQ9-95IHWr_60ggfGgxKpx1FDTs3Gz5YRu1TL-&usqp=CAU,
https://encrypted-tbn0.gstatic.com/images?q=tbn%3AANd9GcQvdkXv_3WIhvkjhpcUc5L5fukpvwmN7Ta6Ue_rRmtISo86Ozxh&usqp=CAU,
https://encrypted-tbn0.gstatic.com/images?q=tbn%3AANd9GcSwLI9N6rDIvTR0Dp9h8RQiW4q5-G0psbtB7Es1H3AjztJx5gc8&usqp=CAU,
https://i.insider.com/5b47c02a20e3a81e008b4646?width=930&format=jpeg,
https://physicsworld.com/wp-content/uploads/2016/04/PW-2016-04-07-Allen-bird.jpg,
https://encrypted-tbn0.gstatic.com/images?q=tbn%3AANd9GcQd91nT6ZLPYf88L698OIykMraUOxhuqzU2P-DugII4B6HnuXlj&usqp=CAU,
https://global.canon/en/environment/bird-branch/img/top-key-tobi-sp.jpg,
https://encrypted-tbn0.gstatic.com/images?q=tbn%3AANd9GcQsjM4V2YQcPRBGLJ-rsE_1mFKXtva7tev14-WTzFwRtiA1AUJu&usqp=CAU,
https://stmedia.stimg.co/ows_157235893649127.jpg?fit=crop&crop=faces,
https://encrypted-tbn0.gstatic.com/images?q=tbn%3AANd9GcTl96SV8Xec_fcAY1hFXeiP5Lg1YTZWHoDmGqWTDgRf6IqXXwoS&usqp=CAU,
https://www.washingtonpost.com/resizer/UpPqhDOlRYjCmPrlZBpmrEiYuG0=/1920x1080/filters:quality(80)/posttv-thumbnails-prod.s3.amazonaws.com/09-19-2019/t_97961f3c6c6740539b95312caff46e89_name_6P2LFHUNMFBBPK27V4KFOXHHTQ_scaled.jpg,
https://encrypted-tbn0.gstatic.com/images?q=tbn%3AANd9GcRR9o3en7tUvAksVLCjyhWu8imtGlKAwDbAMTkSDLgYSbX46BkP&usqp=CAU,
https://ensia.com/wp-content/uploads/2019/10/Feature_BirdFeeding_Main2.jpg,
https://encrypted-tbn0.gstatic.com/images?q=tbn%3AANd9GcSmywro8uA4meTo1vdwpwY-9eGqwRmpDMswrjsF2k92iF2gpQOc&usqp=CAU,
https://encrypted-tbn0.gstatic.com/images?q=tbn%3AANd9GcQQ-Z9EA6ZP_R_Uxrf6zcf4Xclt6civbOsG0hLfaPxicDlZi6C6&usqp=CAU,
https://media12.s-nbcnews.com/j/MSNBC/Components/Video/201909/tdy_news_fryer_birds_190920_1920x1080.focal-760x428.jpg,
https://encrypted-tbn0.gstatic.com/images?q=tbn%3AANd9GcTz8O13xLXFxLq_EK30twrdiqf4HQz90vRv5RZnM8L0P84EMFrt&usqp=CAU,
https://download.ams.birds.cornell.edu/api/v1/asset/202984001,
https://encrypted-tbn0.gstatic.com/images?q=tbn%3AANd9GcQ283BValOZG9avFYGWqC_5pj2tj3JQ1ylQUIU5vj2yDOkMEGzS&usqp=CAU,
https://www.scitecheuropa.eu/wp-content/uploads/2019/09/Colour-bird-e1568033112774.jpg,
https://images2.minutemediacdn.com/image/upload/c_crop,h_1188,w_2121,x_0,y_142/f_auto,q_auto,w_1100/v1554733134/shape/mentalfloss/78996-istock-682216682.jpg,
https://images.ctfassets.net/cnu0m8re1exe/01mgYPdsMVDlEe1zXSZaIC/cf454c72ce276ba43ef9e9d2b2ce67b6/Prima-Head.jpg?w=650&h=433&fit=fill,
https://encrypted-tbn0.gstatic.com/images?q=tbn%3AANd9GcRQcGihorHQgBreMNqfhNhw_4qsJGnM1FBVTaCEcVkf8MfEkOFA&usqp=CAU,
https://encrypted-tbn0.gstatic.com/images?q=tbn%3AANd9GcTI132Zh288O8x9Uj4m-YXdzqSjY3Yls0wDlq8Jn-wJoRIKVxzy&usqp=CAU,
https://images.unsplash.com/photo-1505762929116-cada876eea35?ixlib=rb-1.2.1&ixid=eyJhcHBfaWQiOjEyMDd9&w=1000&q=80,
https://encrypted-tbn0.gstatic.com/images?q=tbn%3AANd9GcRB9vIzYwMqrXo8od8yhhiow38oJR83ycCrdlT1dmEuiKYZQUeP&usqp=CAU,
https://encrypted-tbn0.gstatic.com/images?q=tbn%3AANd9GcQ-4U9B3dlbwD0zRhX00vyaty8GgGbJkClHCzPdb0wDi83XFvAR&usqp=CAU,
https://timesword.files.wordpress.com/2015/04/unknown-2.jpeg?w=660,
https://encrypted-tbn0.gstatic.com/images?q=tbn%3AANd9GcTZyWl6AK32ZpbyxekMQrdza9Tf0IVuF1idOsMm9oRmrYUBIXwj&usqp=CAU,
https://encrypted-tbn0.gstatic.com/images?q=tbn%3AANd9GcSbyUfcmGYstIBdpmXM11xU94NVWDCC3GVJ8WXCP3AElydwLvWf&usqp=CAU,
https://encrypted-tbn0.gstatic.com/images?q=tbn%3AANd9GcRDLbwchFFxzhjHSkw4Hwosmv5fvE3BDuPEcWRYmlIZtQrVKqbx&usqp=CAU,
https://i0.wp.com/post.healthline.com/wp-content/uploads/2019/03/1296x728-header-1024x575.jpg?w=1155&h=1528,
https://encrypted-tbn0.gstatic.com/images?q=tbn%3AANd9GcT1gyg88KCQMEkL5-FFDcyo6p4jwyjCKLJU9o2RURAMnI45-lJz&usqp=CAU,
https://static.independent.co.uk/s3fs-public/thumbnails/image/2018/03/21/17/skylark-fence.jpg?w968h681,
https://lafeber.com/pet-birds/wp-content/uploads/2018/06/Cockatiel-2-300x300.jpg,
https://www.sciencenews.org/wp-content/uploads/2019/09/091919_jl_birds_feat-1028x579.jpg,
https://encrypted-tbn0.gstatic.com/images?q=tbn%3AANd9GcTmFUw6Mi7n38ADqfbeqQBFe4khX_JfVJZLV07kWH9HrfKptIIu&usqp=CAU,
https://www.thespruce.com/thmb/bS1rvJQcPY2BwMoeAOT_l8x__0Q=/960x0/filters:no_upscale():max_bytes(150000):strip_icc()/red-summer-tanager-58991d123df78caebc049ac4.jpg,
https://encrypted-tbn0.gstatic.com/images?q=tbn%3AANd9GcS0VzFe_B13B9MTM5pK7xXK4YuRiHLGRK641neomrWJ_vPS_S93&usqp=CAU,
https://cnet4.cbsistatic.com/img/SGjY4fTMdL7WIOzVIpa5TBmUzqU=/1092x0/2017/09/02/fb68e96a-60eb-4d72-8da0-3d4664242ba1/20170512-shankland-birding-photos-17.jpg,
https://www.allaboutbirds.org/news/wp-content/uploads/2020/03/tricolored-heron-dorian-anderson-texas-124505431-1800-1280x853.jpg,
https://images2.minutemediacdn.com/image/upload/c_fill,g_auto,h_1248,w_2220/f_auto,q_auto,w_1100/v1555925759/shape/mentalfloss/92498766.jpg,
https://encrypted-tbn0.gstatic.com/images?q=tbn%3AANd9GcQToUYt3wr1E3pTE3J71hV2ZE84lWp_91Nkj1TgXpG-iy4rRpmp&usqp=CAU,
https://images.squarespace-cdn.com/content/v1/5c1a9e03f407b482a158da87/1548584808090-44OUSX0G38Z2OOY1KRJ5/ke17ZwdGBToddI8pDm48kNLzeh6sP5VcV9KaAV1m1ggUqsxRUqqbr1mOJYKfIPR7LoDQ9mXPOjoJoqy81S2I8N_N4V1vUb5AoIIIbLZhVYwL8IeDg6_3B-BRuF4nNrNcQkVuAT7tdErd0wQFEGFSnMTOytdW5B3eMuQREbVcZgRsQO8TYK8dc-Y7xhEi3GrMFVNwzmievIjidlDVELTaYg/Cranes-at-sunrise-PM-Birdquest.JPG?format=2500w,
https://www.sciencemag.org/sites/default/files/styles/inline_colwidth__16_9__479w/public/images/ss_birds_diversity.jpg?itok=_GFNJ1sJ,
https://ichef.bbci.co.uk/news/976/cpsprodpb/B306/production/_110003854_2280abec-87b9-4d62-9b11-af49237371e9.jpg,
https://encrypted-tbn0.gstatic.com/images?q=tbn%3AANd9GcQoO9eC6tbsBSHOHB3SDCvmzxXLik-fzD81hnNN5BvQcaNPn9-I&usqp=CAU,
https://encrypted-tbn0.gstatic.com/images?q=tbn%3AANd9GcSHa0i1rzdyEA9kOnMOLfvWlvq9sqQqXUJiv1O7v4cDITvm1iMK&usqp=CAU,
https://encrypted-tbn0.gstatic.com/images?q=tbn%3AANd9GcQEYMOSQ9YrdjUiw4V_2wCgWxUZS_wU1RynF_FKd5RSLzoPZWSx&usqp=CAU,
https://encrypted-tbn0.gstatic.com/images?q=tbn%3AANd9GcS6me8nseyW6HAxmaFHQ68BXJQGatGCvN-f2vECMBu-B7dhYgAH&usqp=CAU,
https://encrypted-tbn0.gstatic.com/images?q=tbn%3AANd9GcRlhCd7cYHG66z51lk37dSkaB-vUT3qc8UjrAPAbSoRrxPfsZPs&usqp=CAU,
https://encrypted-tbn0.gstatic.com/images?q=tbn%3AANd9GcQjrrrIoQ1zZYtj5agbcfTWhi8uMyq_Q-AXP6aQ05FzE6C5XXuL&usqp=CAU,
https://www.sciencemag.org/sites/default/files/styles/inline_colwidth__16_9__479w/public/images/ss-bird_honeycreeper.jpg?itok=sASuJ2dg,
https://i.ytimg.com/vi/YTR21os8gTA/maxresdefault.jpg,
https://www.audubon.org/sites/default/files/styles/hero_cover_bird_page/public/h_a1_3725_3_northern-cardinal_carole_wiley_kk_adult-male-and-adult-female_0.jpg?itok=iFrtsGs4,
https://hips.hearstapps.com/hmg-prod.s3.amazonaws.com/images/black-capped-chickadee-in-its-nest-close-up-royalty-free-image-1584473064.jpg,
https://encrypted-tbn0.gstatic.com/images?q=tbn%3AANd9GcQfEih9sLhv4HP7HCkJJ_i_-gx3SGuf0ijiWPl1PgSQNX1PVfi_&usqp=CAU,
https://m.economictimes.com/thumb/msid-74171981,width-1200,height-900,resizemode-4,imgsize-1195643/peacock-wiki.jpg,
https://encrypted-tbn0.gstatic.com/images?q=tbn%3AANd9GcSfreIK6FsSQNPNycWtUFgp-4OHnCi8eaAeH-FotFXxlRca934A&usqp=CAU,
https://encrypted-tbn0.gstatic.com/images?q=tbn%3AANd9GcRxYMQRx50jm62lZiOE2OOJ4dQbOoGEnS5lc5GXKmtSrTGrlGof&usqp=CAU,
https://akm-img-a-in.tosshub.com/indiatoday/images/story/202001/kingfisher-2046453_1920-770x433.jpeg?USHtuDyOLsdO6xeYmeDZzSH_WUh7Yu06,
https://encrypted-tbn0.gstatic.com/images?q=tbn%3AANd9GcRX5UEmteHf1aX_nbATtxTi5T-mMLTVaZzyBTvKU6pmVrx_8OI6&usqp=CAU,
https://encrypted-tbn0.gstatic.com/images?q=tbn%3AANd9GcS18MG9CvKu8bywnPnCOQd1mjVivUQF62mSz6e0M-JApMEzvBqc&usqp=CAU,
https://cdn.birdwatchingdaily.com/2019/11/Vulturine-Guineafowl-1.jpg,
https://cdn.vox-cdn.com/thumbor/x1COmSESlKEGqqjyuPQ8y_zHtpw=/10x48:384x471/1200x800/filters:focal(224x116:284x176)/cdn.vox-cdn.com/uploads/chorus_image/image/51691735/6d1.0.jpg,
https://encrypted-tbn0.gstatic.com/images?q=tbn%3AANd9GcTmzgmx7jM_p9Bpq4M7jlbgKGvlHDBAWiOHHQkaePqL3dOKHGc4&usqp=CAU,
https://post.medicalnewstoday.com/wp-content/uploads/sites/3/2020/01/327269_2200-800x1200.jpg,
https://encrypted-tbn0.gstatic.com/images?q=tbn%3AANd9GcTBTUdVZvKodJgsvck6BPz9lvFuvJn-wJFwONgc-od_v3FgEvrA&usqp=CAU,
https://encrypted-tbn0.gstatic.com/images?q=tbn%3AANd9GcSp2VIebXsEQL4AGDDufXcgDBlvQO-GRf0BtEAU9rA-f2qahCxq&usqp=CAU,
https://encrypted-tbn0.gstatic.com/images?q=tbn%3AANd9GcRoFW5ydS8pnmvYkQaRbsGeLnjCwQug3qRCn-vIhc22ys9z1E_h&usqp=CAU,
https://www.thespruce.com/thmb/KKbn4M3-QcMZtmLfgSzAuycOvEc=/960x0/filters:no_upscale():max_bytes(150000):strip_icc()/green-broadbill-58d017f53df78c3c4f3c9b4e.jpg,
https://www.sciencealert.com/images/2018-04/processed/hovering_european_robin_magnetoperception_1024.jpg,
https://encrypted-tbn0.gstatic.com/images?q=tbn%3AANd9GcTM22FewgQNs1Iqpd2JNJDRTX6FUweyqoTyCjAtiH97qQ4ZFhc7&usqp=CAU,
https://i.ytimg.com/vi/qkm8y7GpX3A/maxresdefault.jpg,
https://store-images.s-microsoft.com/image/apps.25758.14302936925643487.4d207f31-f506-432a-b6bd-72a91caf91f8.4752c3f6-0871-4ac4-b6bf-8fb2e382c8ed?mode=scale&q=90&h=1080&w=1920,
https://www.audubon.org/sites/default/files/styles/hero_image/public/web_groombaltimoreoriole-and-a-male-red-breasted-grosbeak.jpg?itok=GFL3jy0c,
https://cdn.hswstatic.com/gif/love-birds.jpg,
https://encrypted-tbn0.gstatic.com/images?q=tbn%3AANd9GcQacee0nueaTC-_MMPGcmDj7RK59rRKR2m0180tFd_82RcPHd8R&usqp=CAU,
https://encrypted-tbn0.gstatic.com/images?q=tbn%3AANd9GcRDVE5uHJjrgIGTJ1MSpA4C5evcssaXZwIzpqXDpwsvTruF8Ftq&usqp=CAU,
https://encrypted-tbn0.gstatic.com/images?q=tbn%3AANd9GcSOXEYc7JlAsIplC6mtZoCQ9WuVYban0tCovQCllfkBL5E5ukSS&usqp=CAU,
https://encrypted-tbn0.gstatic.com/images?q=tbn%3AANd9GcTtT2TDQHUjvytMhMoViDNfXPGlDGk5Ssfar18vF0ND1co2YtBg&usqp=CAU,
https://encrypted-tbn0.gstatic.com/images?q=tbn%3AANd9GcQXuwQBubh4crEUgDYnX2Rmv8BUQX2eKPGLkF1UblNZWEpLP5Gy&usqp=CAU,
https://www.irishtimes.com/polopoly_fs/1.3869527.1556042515!/image/image.jpg_gen/derivatives/box_620_330/image.jpg,
https://images.unsplash.com/photo-1550853024-fae8cd4be47f?ixlib=rb-1.2.1&ixid=eyJhcHBfaWQiOjEyMDd9&w=1000&q=80,
https://encrypted-tbn0.gstatic.com/images?q=tbn%3AANd9GcT8ut83KDU8a9iCIm4C-RIolf8QhdFyWYjLVw5GT4a2wiBqUtYD&usqp=CAU,
https://www.envirotech-online.com/assets/file_store/pr_files/50918/thumbnails/images/405w_copyright-3395644_1280.jpg,
https://encrypted-tbn0.gstatic.com/images?q=tbn%3AANd9GcRkS4YzTc_Jn0_m0Y4T908AX1zcyEJ6RmYGGHszT5xbOzA42zQP&usqp=CAU,
https://encrypted-tbn0.gstatic.com/images?q=tbn%3AANd9GcTRmW1-khMNtElFFflnUFZEpbZ8HM0YGL4MoOssCcWFB5vKj_rK&usqp=CAU,
https://res.cloudinary.com/dk-find-out/image/upload/q_80,w_960,f_auto/DCTM_Penguin_UK_DK_AL510533_ddqzxp.jpg,
https://encrypted-tbn0.gstatic.com/images?q=tbn%3AANd9GcQtrrFRtd8pD1P33DJS26AT8muYvrp6twqAqQe6BdlovCyQguSg&usqp=CAU,
https://encrypted-tbn0.gstatic.com/images?q=tbn%3AANd9GcSFdh8jSC03Uv6etXCF-EBmmq-rHX0MT52pHrMqtLCa_DUSbCh-&usqp=CAU,
https://www.nationalgeographic.com/content/dam/animals/rights-exempt/best-of-animals-2018/photo-ark-parrots-endangered-bird-world-intelligence-3.adapt.1900.1.jpg,
https://encrypted-tbn0.gstatic.com/images?q=tbn%3AANd9GcTFPaVJVPaQlx4IMRm8F7Cpd6JTW7Ppfl3tItmrEtcHVtOCblb_&usqp=CAU,
https://parade.com/wp-content/uploads/2019/01/bird-day-quotes-2019-ftr.jpg,
https://encrypted-tbn0.gstatic.com/images?q=tbn%3AANd9GcT87ldecYZuzgTVzGvE9V4j2X161ey63GAEC2g5r-wTCOjs460i&usqp=CAU,
https://bloximages.chicago2.vip.townnews.com/capjournal.com/content/tncms/assets/v3/editorial/0/3a/03a4dd46-cff6-11e9-8d54-a3431eea9ac1/5d7130c888d1b.image.jpg?resize=400%2C322,
https://encrypted-tbn0.gstatic.com/images?q=tbn%3AANd9GcSWeQ_hG6ZxZNdBQRgTfIVvO7lwiKUZ1cwWPJSDQDt_VVMdmEXB&usqp=CAU,
https://www.nationalgeographic.com/content/dam/animals/pictures/hero/birds-hero.ngsversion.1498516940057.adapt.1900.1.jpg,
https://encrypted-tbn0.gstatic.com/images?q=tbn%3AANd9GcSOU3OOWBj3YHRCvbDupoGykjZEZSubXBbiyODFbC1IDqB0yjrP&usqp=CAU,
https://static01.nyt.com/images/2019/11/04/opinion/04renkl1/04renkl1-superJumbo.jpg,
https://encrypted-tbn0.gstatic.com/images?q=tbn%3AANd9GcT12Tfqpv1Au9Re7mTMjUJ8t0qbD729FqA5tpSips_oNmpjcARV&usqp=CAU,
https://encrypted-tbn0.gstatic.com/images?q=tbn%3AANd9GcT8FqcSFpDAXAJFYgBaWQp2EpNJ6ihZU57jdT9SlGS6pIed5xYb&usqp=CAU,
https://www.hakaimagazine.com/wp-content/uploads/header-gulf-birds.jpg,
https://encrypted-tbn0.gstatic.com/images?q=tbn%3AANd9GcRZPtSu8O05Sudcjc8_iPPghWL706ZnrwOOjsXi45wdjhulTB0c&usqp=CAU,
https://encrypted-tbn0.gstatic.com/images?q=tbn%3AANd9GcR1HaiBnphB_g-kOnAHSDkS4HxEf7m0QXOv128uGFCAgdD3I06a&usqp=CAU,
https://www.thespruce.com/thmb/kd2jTDvMvhFVfNpRzPfoH2CvLXI=/960x0/filters:no_upscale():max_bytes(150000):strip_icc()/mating-57bf2bc33df78cc16e29ee6b.jpg,
https://horizon-media.s3-eu-west-1.amazonaws.com/s3fs-public/field/image/brentgeese_edit.jpg,
https://encrypted-tbn0.gstatic.com/images?q=tbn%3AANd9GcR0mjWyUMk7VMbDBcXoEoxMZKrjwkgYjgIelU1kXEzhq1e-hFAB&usqp=CAU,
https://www.birdlife.org/sites/default/files/styles/slider_image/public/slider/regent_honeyeater_c_brian_mccauley_flickr.jpg?itok=RDqswwCr,
https://encrypted-tbn0.gstatic.com/images?q=tbn%3AANd9GcTl2lYFIWvP_LkaFNXe54BDGVtW_se3B9meqHBdB2kk7yoFrlPb&usqp=CAU,
https://i0.wp.com/cdn-prod.medicalnewstoday.com/content/images/articles/326/326420/sparrow-on-a-stump.jpg?w=1155&h=1541,
https://www.nationalgeographic.com/content/dam/animals/thumbs/rights-exempt/birds/group/birds-of-paradise_thumb.JPG,
https://encrypted-tbn0.gstatic.com/images?q=tbn%3AANd9GcSowAqnKn4L8TIlFerbGb1l05-84hurayTn_rcMhX0dUTxojr7S&usqp=CAU