images_url,https://encrypted-tbn0.gstatic.com/images?q=tbn%3AANd9GcRm67mcQrKkFfhFSHDGwgZMZ_wTjnkDVZr6Lits358ED6c5SQhG&usqp=CAU,
https://encrypted-tbn0.gstatic.com/images?q=tbn%3AANd9GcQPe_lvg3XsvPiESwbDC2wkjCvRcu5fMpHSPG7lyRLrnQXy1fhy&usqp=CAU,
https://encrypted-tbn0.gstatic.com/images?q=tbn%3AANd9GcR6v3CTrLTzfi1fwMOgemmZBdxe2TrFo-FyWH0YCZYuHy68ilgM&usqp=CAU,
https://www.rentomojo.com/blog/wp-content/uploads/2019/07/Statement.jpg,
https://cdn.homeaddict.io/wp-content/uploads/2018/06/19-1.jpg,
https://i.pinimg.com/originals/6c/f7/be/6cf7be80f771159efc58716252d59a83.jpg,
https://encrypted-tbn0.gstatic.com/images?q=tbn%3AANd9GcT7ocB9qsEf0VqZlBKId4NS8ZQeAdj2qlYEGPIHPQEgz6sLkgqC&usqp=CAU,
https://website-images.livmatrix.com/magazine/wp-content/uploads/sites/2/2020/01/27190239/Indian-Home-Decor-Chettinad.jpg,
https://encrypted-tbn0.gstatic.com/images?q=tbn%3AANd9GcTRrXeL2KXu1DNVkPCEmPsyNOaFL-WPG7lHCVndwb3pjPihumBo&usqp=CAU,
https://springboard-cdn.appadvice.com/apptributes/us-east-1%3Af9757185-8fd9-4f9b-b3cf-2b4ad1dd2ab1/1549560822804_living_room_2732939_1920_4134-xl.jpg,
https://hips.hearstapps.com/hmg-prod.s3.amazonaws.com/images/coffee-table-styling-3-1532470509.jpg,
https://encrypted-tbn0.gstatic.com/images?q=tbn%3AANd9GcRpTCuaXHyNIpl7EFLWSuLTGmVRt1afk9qK9TgDeC9oNJajyIz0&usqp=CAU,
https://encrypted-tbn0.gstatic.com/images?q=tbn%3AANd9GcSlbvimr4eDATUUHunHfwMtGtUulZnKgG7GPafhaD5TKDQsz0jZ&usqp=CAU,
https://encrypted-tbn0.gstatic.com/images?q=tbn%3AANd9GcQLLMol4a4Hnur1N0l5Bk4ckTrQNwuYH5J_6HHR3P4mbh5gaOUN&usqp=CAU,
https://encrypted-tbn0.gstatic.com/images?q=tbn%3AANd9GcTSFLNLTj-m9f-4mcUtYFk7bEVQ4zOSS6j8VTARAeWVwO7LWj6I&usqp=CAU,
https://encrypted-tbn0.gstatic.com/images?q=tbn%3AANd9GcRdpV412yBaCQlJm3nOH6mV8MvBT2raYAeI7GigRaWH5sizixHn&usqp=CAU,
https://encrypted-tbn0.gstatic.com/images?q=tbn%3AANd9GcQNAdWRLrUDaS2Fsxh9plNPicMZUFnIyv_j3rEY-xm-NTYekq4b&usqp=CAU,
https://encrypted-tbn0.gstatic.com/images?q=tbn%3AANd9GcT-5COxWJ7iAgXB_8w_UJ8TDUYbvqQD5-uKl3Z0PHgQ36UJQUk_&usqp=CAU,
https://encrypted-tbn0.gstatic.com/images?q=tbn%3AANd9GcRpePR_L3OI5aU58bkQxHIvBf6HbQHyTS5kATnlOWE1b5Ji-8vm&usqp=CAU,
https://encrypted-tbn0.gstatic.com/images?q=tbn%3AANd9GcQs6Hsscl_DYW6dxIvaoUdH9itoddR3KOopiwYt7vPVwOXpXyBj&usqp=CAU,
https://encrypted-tbn0.gstatic.com/images?q=tbn%3AANd9GcR6Le_ZnFOJsEjyacYJK-PFPb8gvyW2uAbg6OfmwYlcyyPviTVt&usqp=CAU,
https://www.wearegurgaon.com/wp-content/uploads/2018/05/best-home-decor-stores-in-gurgaon.jpg,
https://encrypted-tbn0.gstatic.com/images?q=tbn%3AANd9GcT4wI-g7kZWWRDAcH7lkTGRwM5VLtfRfT7AdoO_I3hWdCxRu6jC&usqp=CAU,
https://hips.hearstapps.com/hmg-prod.s3.amazonaws.com/images/diy-wall-decor-san-giorgio-suites-famoso-012-1578599787.jpg,
https://encrypted-tbn0.gstatic.com/images?q=tbn%3AANd9GcSjTN9mB0ATHsOd7OuR7RX8S2gaS1IqzXeWY8a_cwJ-2oyytGdG&usqp=CAU,
https://images.unsplash.com/photo-1519710164239-da123dc03ef4?ixlib=rb-1.2.1&ixid=eyJhcHBfaWQiOjEyMDd9&w=1000&q=80,
https://www.decoraid.com/wp-content/uploads/2018/08/industrial-style-interior-decor-inspiration.jpg,
https://www.mydomaine.com/thmb/pxMeoIf48c-nYZalS7eO-ip8NAU=/735x0/cdn.cliqueinc.com__cache__posts__268171__emily-henderson-target-design-advice-268171-1537395824654-image.700x0c-3bf5dbafc49045e5b14c9ad244891f94.jpg,
https://deowgxgt4vwfe.cloudfront.net/uploads/1531905626_original.jpg,
https://encrypted-tbn0.gstatic.com/images?q=tbn%3AANd9GcTv9tiZXDO5xEoIFHyeT1jPpSxPnr-SDNQEbw8XHoBEINTeFE6K&usqp=CAU,
https://encrypted-tbn0.gstatic.com/images?q=tbn%3AANd9GcRAdDQSQMKNjZPIb1D_e-YUX4I2eE3zqpBCF0MBp_k7TevGHAxD&usqp=CAU,
https://cdn.home-designing.com/wp-content/uploads/2019/03/wooden-wall-decor.jpg,
https://cdn.decorilla.com/online-decorating/wp-content/uploads/2018/03/hygge-home-decor-natural-light-1024x683.jpg,
https://www.essentialhome.eu/blog/wp-content/uploads/2018/12/20-Inspirational-Home-Office-Decor-Ideas-For-2019_feat-994x410.png,
https://cdn.shopify.com/s/files/1/1425/0242/products/20inch-Big-Wall-Clock-With-Photo-Frame-Larger-Living-Room-Fashion-Wedding-Wall-Watch-Home-Decoration_fb91fee6-27a0-47dc-97e7-a496ffb6c748.jpg?v=1571439470,
https://i.ytimg.com/vi/wp7GSH6bW7Y/maxresdefault.jpg,
https://www.woodenstreet.com/images/home-decor/mobile-banner.jpg,
https://encrypted-tbn0.gstatic.com/images?q=tbn%3AANd9GcR7r4IjUiv-WzcAWEgc8cmEUUTsRmJCg7jamES08Wcwlf3UpESf&usqp=CAU,
https://ec1.ostkcdn.com/img/mxc/03232020-homedecor-Hero_Desktop.jpg?crop=645:655&width=645,
https://hips.hearstapps.com/hmg-prod.s3.amazonaws.com/images/spring-decor-ideas-1578436972.jpg?crop=1.00xw:0.368xh;0,0.405xh&resize=1200:*,
https://i.ytimg.com/vi/1YaznTxl0Tc/maxresdefault.jpg,
https://encrypted-tbn0.gstatic.com/images?q=tbn%3AANd9GcSvojJnrPqGsWF2sF03KWeZkYvaWSDLHc5MBfgnYpViOrAioW1h&usqp=CAU,
https://encrypted-tbn0.gstatic.com/images?q=tbn%3AANd9GcSfjiinAj2_mXLy0VHnLfyVV4U8Byy35fXCmOOLm2jIPC98E4Uz&usqp=CAU,
https://encrypted-tbn0.gstatic.com/images?q=tbn%3AANd9GcR4Fj2fB0A-q2ma4H7py0eelHux1DtJyfA7wBbmJlSDzaMGeGCO&usqp=CAU,
https://encrypted-tbn0.gstatic.com/images?q=tbn%3AANd9GcSmD-lf6mQ7mFROqLLujfofrzXqXdVRkf3XR5BM-1Mqpt9nZ1UE&usqp=CAU,
https://encrypted-tbn0.gstatic.com/images?q=tbn%3AANd9GcRSa4I1q3zbkbMEkAWgYSvn4n-ye6IYj6lnrhORK-QC9rwP_Ikc&usqp=CAU,
https://images.crateandbarrel.com/is/image/Crate/ck_mSC_202001_DCR_WallArtHero?wid=768&qlt=75,
https://cdn.homeaddict.io/wp-content/uploads/2019/06/shutterstock_1051179893.jpg,
https://encrypted-tbn0.gstatic.com/images?q=tbn%3AANd9GcRXZD6lzcQjoDvJtDZnyNSqVU1g0OdzLLb5zMG4-GTgRfCk6rKs&usqp=CAU,
https://i2.wp.com/horizonscottages.com/wp-content/uploads/2019/06/Home-decor-ideas-for-a-small-house-300x180.jpg,
https://encrypted-tbn0.gstatic.com/images?q=tbn%3AANd9GcScRC-ySpNT2yhJQyg9wXGwO9f6n-kWDK5-KthtyxaH71_Z-vB8&usqp=CAU,
https://www.brides.com/thmb/h3H6iNw4k_O39oWkP9QC7XIDCZ4=/500x350/filters:no_upscale():max_bytes(150000):strip_icc()/__opt__aboutcom__coeus__resources__content_migration__brides__proteus__5b9185103ce6f5474b2c9ee5__11-3a8504706a074ed589c614f087304907.jpeg,
https://hips.hearstapps.com/hmg-prod.s3.amazonaws.com/images/ed-best-decor-ken-fulk-1526332758.jpg,
https://media-exp1.licdn.com/dms/image/C4E1BAQETnkXn_sGwyQ/company-background_10000/0?e=2159024400&v=beta&t=NOMCjQDGEXo4YfQSzMCFCAn_yR23ikilCerhRJLI6Eg,
https://encrypted-tbn0.gstatic.com/images?q=tbn%3AANd9GcTS6ITzTQduE0gdLjilCFL642T0rKyMndDPHHFjIcz-EvA6s8Gj&usqp=CAU,
https://encrypted-tbn0.gstatic.com/images?q=tbn%3AANd9GcQS81q87-FzQ_dHMxlsrg6mE81mNB68sOm42gRzpokeB6bjvlhc&usqp=CAU,
https://encrypted-tbn0.gstatic.com/images?q=tbn%3AANd9GcQ_j1fHncPQPN0P7rnc2MVTeCM8DJzNvB59uEN9vLier_HOPWo_&usqp=CAU,
https://encrypted-tbn0.gstatic.com/images?q=tbn%3AANd9GcRaEt_m1Axb1IcHIQTIpH9_7nyAYD4kXOZcc_DULJ7jqrhun8X2&usqp=CAU,
https://hips.hearstapps.com/hmg-prod.s3.amazonaws.com/images/diy-wall-decor-ideas-inspiration-board-1578513365.jpg,
https://encrypted-tbn0.gstatic.com/images?q=tbn%3AANd9GcRmWzoq9sKS1FroDi1qa7EsrH89NIqHGaPxtrwqDDHLKxAjQZSb&usqp=CAU,
https://encrypted-tbn0.gstatic.com/images?q=tbn%3AANd9GcSFPzESx1bjcllGr9WFqZz_XNG-8L-OHtEO6aQ5L5PeXlfXDHpC&usqp=CAU,
https://encrypted-tbn0.gstatic.com/images?q=tbn%3AANd9GcThzBed09j6cM1S1D4-6ZjpfVXRMYKMyXNcTnSaNoM-_WusMv4p&usqp=CAU,
https://encrypted-tbn0.gstatic.com/images?q=tbn%3AANd9GcTvI_RPF2RWy2EFoub_6LjHPD0PZ9cxBBaWc6CWgyXKVoBJ5NEy&usqp=CAU,
https://encrypted-tbn0.gstatic.com/images?q=tbn%3AANd9GcTtdguGP1wQLd9uWL9mBp0DZEZaWlKql3K5EMT0S6k8MZHnaShR&usqp=CAU,
https://encrypted-tbn0.gstatic.com/images?q=tbn%3AANd9GcTGUYyuRpnqFXlttkaNynQLPIuQJ36bQF2WbcZacFjs0gK96-ib&usqp=CAU,
https://encrypted-tbn0.gstatic.com/images?q=tbn%3AANd9GcQmr3P4Ba0JI96d6tFEoJ6Xrf3mRJoJFjPsYD-ey5Ka8ghJokrm&usqp=CAU,
https://images.unsplash.com/photo-1534349762230-e0cadf78f5da?ixlib=rb-1.2.1&ixid=eyJhcHBfaWQiOjEyMDd9&w=1000&q=80,
https://rukminim1.flixcart.com/image/832/832/jhavdzk0/wall-decoration/b/g/h/home-decor-iron-handmade-leaf-design-natural-theme-decorative-original-imaf5bmb74gxpeaf.jpeg?q=70,
https://encrypted-tbn0.gstatic.com/images?q=tbn%3AANd9GcQafNlSxkEZ7vyNaCvLrFfDFltorMYLOUeYUuZ_N4-Ui9wApm61&usqp=CAU,
https://encrypted-tbn0.gstatic.com/images?q=tbn%3AANd9GcTs_Bt9NIkP6NH7Q2nLw51wHvtlHj45YM05uxF2jjK1MwPZLxQ8&usqp=CAU,
https://encrypted-tbn0.gstatic.com/images?q=tbn%3AANd9GcRlLzoySQU8I6QGaY19iiAG49TPR770HIDobRENXk_NDzvXbIa-&usqp=CAU,
https://encrypted-tbn0.gstatic.com/images?q=tbn%3AANd9GcT-Frd65hq4v3_AzKur7leV0qEAoYkMd1Okhza7xhkPeF8e2EwQ&usqp=CAU,
https://images.unsplash.com/photo-1513161455079-7dc1de15ef3e?ixlib=rb-1.2.1&ixid=eyJhcHBfaWQiOjEyMDd9&w=1000&q=80,
https://hips.hearstapps.com/hmg-prod.s3.amazonaws.com/images/ed-best-decor-commune-1525275448.jpg,
https://freshome.com/wp-content/uploads/2017/10/AdobeStock_209197737.jpg,
https://resize.indiatvnews.com/en/resize/newbucket/715_-/2018/09/home-decor-tips-1536927730.jpeg,
https://curatedinterior.com/wp-content/uploads/2019/11/Large-white-hanging-stars-in-Scandi-Christmas-Bedroom-Decor-via-@annamichaliszyn.jpg,
https://hips.hearstapps.com/hmg-prod.s3.amazonaws.com/images/diy-wall-decor-san-giorgio-suites-famoso-012-1578599787.jpg?crop=0.668xw:1.00xh;0.317xw,0&resize=640:*,
https://encrypted-tbn0.gstatic.com/images?q=tbn%3AANd9GcQCp9OU-BLlaLUnecGIZ4dzzIOKOPABS90ZvCCfwyKV72QQ4mlD&usqp=CAU,
https://encrypted-tbn0.gstatic.com/images?q=tbn%3AANd9GcRNb0tHjAn6kq5x8t2tSawA1Pf6MvL-iBwSejXVnag9GNzsGSY3&usqp=CAU,
https://encrypted-tbn0.gstatic.com/images?q=tbn%3AANd9GcQe33YekWwxnITNXK6Alx2iitL-fRl28SZCvhgqOzx2PPahChZ4&usqp=CAU,
https://roofandfloor.thehindu.com/real-estate-blog/wp-content/uploads/sites/14/2019/01/Home-De%CC%81cor-Trends-That-will-define-2019-840x480.jpg,
https://encrypted-tbn0.gstatic.com/images?q=tbn%3AANd9GcT6ie5zCp3EbJPWLOLBeqenGlG_cldEyXVgk-cSRwZY5O90R0Zz&usqp=CAU,
https://encrypted-tbn0.gstatic.com/images?q=tbn%3AANd9GcSUtf03n05yrwwqIfuUJ5OKLxCc3QIgAS4Xqx1tZEw7MMSHtJ8P&usqp=CAU,
https://hips.hearstapps.com/hmg-prod.s3.amazonaws.com/images/white-living-room-windows-1582223933.jpg?crop=0.670xw:1.00xh;0.170xw,0&resize=640:*,
https://encrypted-tbn0.gstatic.com/images?q=tbn%3AANd9GcTrcqjTulQzGp16MbPwTbVHbxs4KY6KnjaY8iXqb3k-Jd7Mrm7u&usqp=CAU,
https://media.theeverygirl.com/wp-content/uploads/2018/08/amazon-home-teg.jpg,
https://encrypted-tbn0.gstatic.com/images?q=tbn%3AANd9GcRAEwX47OCIWamJD0yHmSVZhgEVhBQLg_utzDoOr3jlqCvsWpdi&usqp=CAU,
https://www.casagrand.co.in/wp-content/uploads/2019/08/CG-Blog-Home-Decor-for-living-room-option.png,
https://m.economictimes.com/thumb/msid-63558158,width-1200,height-900,resizemode-4,imgsize-232855/magazines/panache/make-your-easter-brunch-setup-insta-worthy-up-your-decor-game-with-these-tips.jpg,
https://nebula.wsimg.com/1282667a5ad24569079bebfa69a8141f?AccessKeyId=4D092341C35A1996A101&disposition=0&alloworigin=1,
https://encrypted-tbn0.gstatic.com/images?q=tbn%3AANd9GcQVMaq4YgrQttqrk8AL7Cb3cPmHANnj9dQMTfnnpEG2TGEw1mm6&usqp=CAU,
https://encrypted-tbn0.gstatic.com/images?q=tbn%3AANd9GcSHkiLR-TN1KFB3bG8fJ4_zbpkBfb43djy-oypJNBPzRSjAAmv1&usqp=CAU,
https://encrypted-tbn0.gstatic.com/images?q=tbn%3AANd9GcQZc2pW8Jh9nTC7OD-Ljtupgdit0uQa15px41xur5evqkQrAStD&usqp=CAU,
https://hips.hearstapps.com/hmg-prod.s3.amazonaws.com/images/spring-decor-ideas-1578436972.jpg,
https://hips.hearstapps.com/hmg-prod.s3.amazonaws.com/images/gidiere-kitchen-alabama-veranda-1581711554.jpg?crop=0.662xw:1.00xh;0.170xw,0&resize=640:*,
https://encrypted-tbn0.gstatic.com/images?q=tbn%3AANd9GcRSgc_vCxpQiV9pwI-EPdrDi16C-c4wZsSWGxNfmtNMr0spF4jt&usqp=CAU,
https://encrypted-tbn0.gstatic.com/images?q=tbn%3AANd9GcSqRHo7r0iou92rd5YzQqzhg18bOh7F32twhvvwoVjqpTvcTxVd&usqp=CAU,
https://encrypted-tbn0.gstatic.com/images?q=tbn%3AANd9GcTgsrSBMF4ULbFNYSQiW0W9fqdzHR8xMpm_4iQ_90cPG0h_Hs6s&usqp=CAU,
https://imgaz3.staticbg.com/thumb/view/oaupload/banggood/images/7C/9C/dfa2014b-3c66-4719-b733-14cd04f40e1c.jpg,
https://www.thespruce.com/thmb/afJQUR-bVyUmhRuzOvJSA56L15g=/960x0/filters:no_upscale():max_bytes(150000):strip_icc()/GettyImages-9439103601-5c65bad0c9e77c00017fb872.jpg,
https://images-na.ssl-images-amazon.com/images/I/51AkFwp7fzL._SX342_.jpg,
https://encrypted-tbn0.gstatic.com/images?q=tbn%3AANd9GcSvqD-KgKw12EZmFrP-B1cHksfjBYpDvQ2_vxP4rQPSblkKhkSY&usqp=CAU,
https://ideas.staticsfly.com/ideas/wp-content/uploads/2018/02/diy-bedroom-decor-mockup.jpg,
https://encrypted-tbn0.gstatic.com/images?q=tbn%3AANd9GcQCOI51l4LYM6Hj9pPFFJrf34Y2DqPqKaslFg56-P8SHjW5AKmY&usqp=CAU,
https://hips.hearstapps.com/hmg-prod.s3.amazonaws.com/images/diy-home-decor-1543336993.jpg?crop=0.982xw:0.984xh;0,0&resize=480:*,
https://encrypted-tbn0.gstatic.com/images?q=tbn%3AANd9GcS00hllChxjWiTPRHfVY5rjwm4bhyeZ0VMzFLWTcTChhsU2IKVP&usqp=CAU,
https://encrypted-tbn0.gstatic.com/images?q=tbn%3AANd9GcR3L-hJyWQBIOxV6zhvcrjffVB6d0lQ31v5SjWqPwlg7dVWT-nn&usqp=CAU,
https://www.thespruce.com/thmb/5xQYpouLO-6uw9d3TPFM01SUOU8=/960x0/filters:no_upscale():max_bytes(150000):strip_icc()/3.5x5.PaulBurns.Getty-58a721943df78c345b8e232c.jpg,
https://encrypted-tbn0.gstatic.com/images?q=tbn%3AANd9GcSC21FkZC6ZupNTeovYXsnwmFKkfCdeBRY5ttPUuURUTu17ucGy&usqp=CAU,
https://encrypted-tbn0.gstatic.com/images?q=tbn%3AANd9GcSYYk7jTqZqsyAE575llHV5yJXdLH7Gn-TesQt04C28lEtNYzbV&usqp=CAU,
https://encrypted-tbn0.gstatic.com/images?q=tbn%3AANd9GcSA_Bz0s-UhA8i0yc23EOLTDDQCjBBPX7uXHrjLaQelgLNSLsmT&usqp=CAU,
https://encrypted-tbn0.gstatic.com/images?q=tbn%3AANd9GcTkeqiB_CRGaiorFgSNeHqyTXluNg8EIrll35DcJZBPeV0xsD_y&usqp=CAU,
https://encrypted-tbn0.gstatic.com/images?q=tbn%3AANd9GcRzKQqCJcNL_SQMlfSFHOU3VRqrgC-tcHLqFu4CKonhBTFege9U&usqp=CAU,
https://img.etimg.com/thumb/width-640,height-480,imgsize-62557,resizemode-1,msid-74687436/interior-design-trends-renew-your-home-decor-with-fresh-pattern.jpg,
https://hips.hearstapps.com/hmg-prod.s3.amazonaws.com/images/home-office-decor-ideas-1582573361.jpg,
https://resize.indiatvnews.com/en/resize/newbucket/715_-/2018/05/homedecor-1527248438.jpg,
https://i.pinimg.com/564x/06/1e/03/061e0387b8fdc6c6dc3704615740ff33.jpg,
https://image.isu.pub/190219034324-aa52909a3e113698f8957d87dd49cb7c/jpg/page_1_thumb_large.jpg,
https://hips.hearstapps.com/hmg-prod.s3.amazonaws.com/images/home-decor-ideas-04-1507234366.jpg,
https://m.hindustantimes.com/rf/image_size_444x250/HT/p2/2020/01/01/Pictures/_6e91f802-2c88-11ea-b337-29936d1a9c86.jpg,
https://encrypted-tbn0.gstatic.com/images?q=tbn%3AANd9GcSuy89pu7M7WQFD6eZgvL_TB6FI_CdhfSm3X4o2kC4SwzDPwRNo&usqp=CAU,
https://www.furlenco-blog.com/wp-content/uploads/2018/12/Crate-Decor-DIY-Home-Decor-Ideas.jpg,
https://media.architecturaldigest.in/wp-content/uploads/2019/05/summer-home-decor-featured-image-866x487.jpg,
https://ii1.pepperfry.com/media/catalog/product/m/u/494x544/multicolour-brightened-decor-set-of-3-framed-wall-art-painting-by-wens-multicolour-brightened-decor--v1vkol.jpg,
https://encrypted-tbn0.gstatic.com/images?q=tbn%3AANd9GcRjoKCmYOw9OqZHCD8OB2A313Zcgu6nKwTUKZqJUp7nWtpveP2w&usqp=CAU,
https://encrypted-tbn0.gstatic.com/images?q=tbn%3AANd9GcTOuWj9b8x18sF6dSILsZt2vsr1DraVBn0OQQkzBxSnBdQzK39i&usqp=CAU,
https://media.architecturaldigest.com/photos/58c9948f3ebe3b50fd11e035/16:9/w_2560%2Cc_limit/0513-AD-SEGU-09.jpg,
https://hips.hearstapps.com/hmg-prod.s3.amazonaws.com/images/amazon-home-decor-1533590825.png?crop=1.00xw:1.00xh;0,0&resize=1200:*,
https://imgmedia.lbb.in/media/2019/02/5c6ec1279d684b2e0de71737_1550762279676.jpg,
https://www.furlenco-blog.com/wp-content/uploads/2018/11/Simple-Home-Decor-Ideas.jpg,
https://images-na.ssl-images-amazon.com/images/I/413HeAYt6JL._SX466_.jpg,
https://encrypted-tbn0.gstatic.com/images?q=tbn%3AANd9GcQ4ilUfORQhtK5rJmNpZHwOV8hkJSM5MQgL2lJkkMmyKiMmASe9&usqp=CAU,
https://miro.medium.com/max/6528/1*i3_t7bzxkuo32lqbijLgmw.jpeg,
https://encrypted-tbn0.gstatic.com/images?q=tbn%3AANd9GcQtY5ROzvpewHFRtxFN9PKDMTpVZtj292Lr_ljXxbSYI7WU4wkk&usqp=CAU,
https://encrypted-tbn0.gstatic.com/images?q=tbn%3AANd9GcSrmSeFtxaawz28qmWGR1wnGX3nZHecMsz35qw7TJv-FyRbfJLt&usqp=CAU,
https://www.weddingsonly.in/wp-content/uploads/2019/08/Wedding-Decor-Theme-10.0.jpg,
https://encrypted-tbn0.gstatic.com/images?q=tbn%3AANd9GcSddOnDykDkoqnIo1Jm80kpcEPgFMx6spd30WnZH-HnHR18pRkT&usqp=CAU,
https://hgtvhome.sndimg.com/content/dam/images/hgtv/fullset/2010/12/1/1/original_Brian-Flynn-bedroom-repurposed-art-beauty-Crop_s4x3.jpg.rend.hgtvcom.966.725.suffix/1400959438770.jpeg,
https://encrypted-tbn0.gstatic.com/images?q=tbn%3AANd9GcQnQnSXo2gpAgOIEfmfOMzZxjKd7C_70jjkZxA9ahc-XyPBLAZX&usqp=CAU,
https://encrypted-tbn0.gstatic.com/images?q=tbn%3AANd9GcRABUulYJLgoHau6vj7kC_bISgDqigKxPfgjTCrw8c8853lS0yq&usqp=CAU,
https://aligurus.com/wp-content/uploads/2019/01/Top-20-Best-Home-Decor-Deals-on-Aliexpress.jpg,
https://img.etimg.com/thumb/msid-62253343,width-643,imgsize-123475,resizemode-4/natural-elements-local-crafts-how-home-decor-is-set-to-change-in-2018.jpg,
https://rukminim1.flixcart.com/image/352/352/jykfxjk0/wallpaper/h/f/j/27870-40-27wallpaper-02-decor-production-original-imafh7dnzycfhhgb.jpeg?q=70,
https://encrypted-tbn0.gstatic.com/images?q=tbn%3AANd9GcQD9mY0iraUsoW-J4kR6zJPvEkF7G8IX5n8iI-lsjQ43x3ySG6G&usqp=CAU,
https://cb2.scene7.com/is/image/CB2/122919_m_super_decor_accessories?wid=670&qlt=65,
https://encrypted-tbn0.gstatic.com/images?q=tbn%3AANd9GcTlJgv6XfrAsQfc29PO0ApQel3aN8rikKCBvv8Hzdn02WeHXZG3&usqp=CAU,
https://3dwarehouse.sketchup.com/warehouse/v1.0/publiccontent/0edfb1a7-d1d5-470e-8eb2-932856a3ed4c,
https://img.huffingtonpost.com/asset/59c298fe1900003a00564c4a.jpeg?ops=crop_11_251_5720_3286%2Cscalefit_720_noupscale,
https://encrypted-tbn0.gstatic.com/images?q=tbn%3AANd9GcQ-cmb2l7rBmZ_pc89NSphNH5U0GuUpLSOv340lNnFX_4MJzTOP&usqp=CAU,
https://image-cdn.hypb.st/https%3A%2F%2Fhypebeast.com%2Fwp-content%2Fblogs.dir%2F6%2Ffiles%2F2019%2F12%2Fmodern-living-room-interior-design-home-decor-minimalist-1.jpg?q=75&w=800&cbr=1&fit=max,
https://encrypted-tbn0.gstatic.com/images?q=tbn%3AANd9GcRcSGc8dZNfiyfthNSCouHXlh647vlGlBPjAuI3LRviqTIijTgY&usqp=CAU,
https://www.dreamzkraft.com/admin/decorImage/5d95a7c9b6ad4__Decor_Done.jpg,
https://website-images.livmatrix.com/magazine/wp-content/uploads/2019/09/12154814/Hallway-Decor-Ideas-Buddha-1024x683.jpg,
https://encrypted-tbn0.gstatic.com/images?q=tbn%3AANd9GcTC1QmD8r9QFUpQHQt3iQZg5lGHS0cpr9MzA1SZTj2LHpPYQ9R6&usqp=CAU,
https://hips.hearstapps.com/hmg-prod.s3.amazonaws.com/images/home-decor-ideas-sfshowcaselivingroom-03-1585257771.jpg?crop=0.654xw:1.00xh;0.125xw,0&resize=640:*,
https://encrypted-tbn0.gstatic.com/images?q=tbn%3AANd9GcQRKfWYOf2igeByLH6aonHvTgFfAtH2m0doMo99ysg9q2d7P6iD&usqp=CAU,
https://assets-news.housing.com/news/wp-content/uploads/2018/10/24203055/When-old-is-gold-Add-a-vintage-touch-to-your-home-decor-FB-1200x628-compressed.jpg,
https://encrypted-tbn0.gstatic.com/images?q=tbn%3AANd9GcTLII4KTKd512voT2WVO1IaW790RZkEp_8JzKfDgbGRT6LKWwit&usqp=CAU,
https://ii1.pepperfry.com/media/catalog/product/h/a/494x544/hanging-partition-in-cream-wood-finish--by-planet-decor-hanging-partition-in-cream-wood-finish--by-p-feff7t.jpg,
https://encrypted-tbn0.gstatic.com/images?q=tbn%3AANd9GcTE9eYflIND3yyXRhBpqO5Br2T_CqOB6Okc17vcuFm_mifDyuBF&usqp=CAU