images_url,https://encrypted-tbn0.gstatic.com/images?q=tbn%3AANd9GcT1ZeVpBj89s_PGH_BRh7-MAz9Af2Y87DbJu2RLk7-y-TDNDxwb&usqp=CAU,
https://encrypted-tbn0.gstatic.com/images?q=tbn%3AANd9GcQQduEpj7i2SrvsSM-j181zt8apeSCCniMnxuclcRs8_oUkM4p4&usqp=CAU,
https://encrypted-tbn0.gstatic.com/images?q=tbn%3AANd9GcRMVy1uxXAvjl3kjxjG3d5N2pr0boqZeXPVtXrsHhSdrJclWo9I&usqp=CAU,
https://cdn-ssl.s7.disneystore.com/is/image/DisneyShopping/6002040580655,
https://encrypted-tbn0.gstatic.com/images?q=tbn%3AANd9GcRh1FRLhDcvNauXVdw4Rg9RKRffqsrA9unBUYNdwTeU8wnBzDtF&usqp=CAU,
https://i.insider.com/5e4ded22bb2ebc329a0858a3?width=1100&format=jpeg&auto=webp,
https://encrypted-tbn0.gstatic.com/images?q=tbn%3AANd9GcSYgiAMpVh-6BUx3bhB0M-c1Djlk8aLNxBUqxXGPlMgpJZHGmC-&usqp=CAU,
https://encrypted-tbn0.gstatic.com/images?q=tbn%3AANd9GcRywQbkDVjh7bP8j6Ag7w-vg9JzCh7DzFPzxMKKsQCMZiIE_wiN&usqp=CAU,
https://scale.coolshop-cdn.com/product-media.coolshop-cdn.com/AB76ZT/7c96e9c24fdf4dd49515577a314b7f60.jpg/f/asi-dolls-leonora-doll-in-winter-coat-46-cm.jpg,
https://cdn.shopify.com/s/files/1/2525/8672/products/bonikka-bonikka-cherub-baby-dolls-3361368866863_2000x.jpg?v=1571480523,
https://encrypted-tbn0.gstatic.com/images?q=tbn%3AANd9GcQIZZQ1OCZcNU2H_Dj4ZrYAvAT7GCT8nwnLAC6B5rL_9XwKzc1X&usqp=CAU,
https://media.4rgos.it/i/Argos/9055018_R_Z001A?w=750&h=440&qlt=70,
https://encrypted-tbn0.gstatic.com/images?q=tbn%3AANd9GcRDkxdZmBATQWsdBBhJmCKw136K0kebVvc1r3sijshRler8CvPF&usqp=CAU,
https://hips.hearstapps.com/hmg-prod.s3.amazonaws.com/images/gh-barbie-dolls-1551476983.png?crop=0.492xw:0.984xh;0.167xw,0&resize=640:*,
https://cdn.ecommercedns.uk/files/8/212198/6/2694776/fs-ffdoll-1.jpg,
https://encrypted-tbn0.gstatic.com/images?q=tbn%3AANd9GcQ_XPEhz2-tCffGVF72SjVPjImZZYTtPaAEiPenk0Bd-Do4sVpV&usqp=CAU,
https://www.kmart.com.au/wcsstore/Kmart/images/ncatalog/f/0/41834190-1-f.jpg,
https://asda.scene7.com/is/image/Asda/5010993608423?hei=662&wid=662&qlt=85&fmt=pjpg&resmode=sharp&op_usm=1.1,0.5,0,0&defaultimage=default_details_George_rd,
https://cdn11.bigcommerce.com/s-0kvv9/images/stencil/1280x1280/products/312633/446737/apibggjve__42221.1572905324.jpg?c=2&imbypass=on,
https://encrypted-tbn0.gstatic.com/images?q=tbn%3AANd9GcQsdxhV2qAoMtBdstvsvZGzTyQLgCQaPNaMeEFQT9v4QcmbPKbS&usqp=CAU,
https://i5.walmartimages.com/asr/e5566787-f227-49eb-8e09-dfd385dbfc20_1.14e4e99936a25690b22d603e35531acb.jpeg,
https://media.4rgos.it/s/Argos/9213317_R_SET?$Main768$&w=620&h=620,
https://www.melissaanddoug.com/dw/image/v2/BBDH_PRD/on/demandware.static/-/Sites-master-catalog/default/dw671c999d/large/031711_1.jpg?sw=562&sh=570&sm=fit,
https://encrypted-tbn0.gstatic.com/images?q=tbn%3AANd9GcTdZVcJ8Y0LSCIkPICE7wKJ8soGNjhzmMXRbe_EhM6wccnotjCB&usqp=CAU,
https://encrypted-tbn0.gstatic.com/images?q=tbn%3AANd9GcTsM7SjzbtOUR-J5yF-foI7LoqK3gohZwNTCfs2U2_koFT4TOFo&usqp=CAU,
https://target.scene7.com/is/image/Target/GUEST_715ad195-74eb-4fc5-95bb-49688da58311?wid=488&hei=488&fmt=pjpeg,
https://www.toysrus.ca/dw/image/v2/BDFX_PRD/on/demandware.static/-/Sites-toys-master-catalog/default/dwbdebef58/images/F2731F3F_8.jpg?sw=767&sh=767&sm=fit,
https://digitalcontent.api.tesco.com/v2/media/ghs/19e83af6-fcdf-40d7-a2db-1f8544087c8c/snapshotimagehandler_307610491.jpeg?h=540&w=540,
https://encrypted-tbn0.gstatic.com/images?q=tbn%3AANd9GcQTtK_P84GgBrbsYj4C2xUSKzOqZrBkYkrImU4EPAmAovkPjkTq&usqp=CAU,
https://encrypted-tbn0.gstatic.com/images?q=tbn%3AANd9GcTimoqxx3ccbuyynaDmj-f1tyPD9vVS5qV7gJm4ZJ9MB4wSxjiF&usqp=CAU,
https://i5.walmartimages.com/asr/1da6e12e-7180-44ae-89bc-52b899e81f3b_1.be9cfb81831787b8c1bcef928d4eb0c4.jpeg,
https://encrypted-tbn0.gstatic.com/images?q=tbn%3AANd9GcSffJeFlJsn5SFlc49MCa1gX0V7tMi-AQ2Y-8lx4tPsc2L3sM_9&usqp=CAU,
https://mmtcdn.blob.core.windows.net/084395e6770c4e0ebc5612f000acae8f/mmtcdn/Products22304-640x640-1527821826.jpg,
https://media.npr.org/assets/img/2017/02/17/img_3809_wide-56133a625835385ca8c610debaf810f1cae0e106.jpg?s=1400,
https://i.guim.co.uk/img/media/19dfba37d5f8e247bcbb3bbfd2e0c8de6cb98e30/109_38_1436_862/master/1436.jpg?width=1200&height=630&quality=85&auto=format&fit=crop&overlay-align=bottom%2Cleft&overlay-width=100p&overlay-base64=L2ltZy9zdGF0aWMvb3ZlcmxheXMvdGctYWdlLTIwMTgucG5n&s=b568ff62e87a55e63dd45cc8e4ed4ac7,
https://static.wixstatic.com/media/175410_1f22fce9193e42e7a312c74297f6f6b0~mv2.jpeg/v1/fill/w_1124,h_1500,al_c,q_85/175410_1f22fce9193e42e7a312c74297f6f6b0~mv2.jpeg,
https://cdn.cnn.com/cnnnext/dam/assets/200128143213-ghw51-w-20-202.jpg,
https://encrypted-tbn0.gstatic.com/images?q=tbn%3AANd9GcQA29j28uPxqyKsiWMtVQhBG-bSJWqilFsttqbsdvZw9IqjsLXf&usqp=CAU,
https://d1bbnjcim4wtri.cloudfront.net/wp-content/uploads/2019/11/14125340/NN-barbie-2-scaled.jpg,
https://i.insider.com/5e34636bab49fd0f7a084f36?width=1100&format=jpeg&auto=webp,
https://images.mattel.com/scene7/FXL56_01?$oslarge$&wid=412&hei=412,
https://encrypted-tbn0.gstatic.com/images?q=tbn%3AANd9GcRY06wmBKT1emYEDsiCt1_RiN59Jz2GHl_Jt0Vdzkgw-pbk-5RD&usqp=CAU,
https://encrypted-tbn0.gstatic.com/images?q=tbn%3AANd9GcQRqwq2NS1zGxy3jsGU7AlBMIedXs91vOUlSbwYsaT3SCSD1C69&usqp=CAU,
https://encrypted-tbn0.gstatic.com/images?q=tbn%3AANd9GcSdoOFrUV2d5Y7qhH_lJDyx1UOp9e4toO1ooSgno6p7yBclUDC6&usqp=CAU,
https://encrypted-tbn0.gstatic.com/images?q=tbn%3AANd9GcSxIWtPO3sBaChUMnfyHyvlblOwaje0E2SOjO-Enttww1534f9p&usqp=CAU,
https://encrypted-tbn0.gstatic.com/images?q=tbn%3AANd9GcTZhZTNcKXK_3J5mG0vWxpszOF_sgymj1uOuTUweLx1Zy72AVRi&usqp=CAU,
https://encrypted-tbn0.gstatic.com/images?q=tbn%3AANd9GcS9okqGkqmBb8a9OzylVp632_e-rqbnl5VG4-717rpD_oKkTu5o&usqp=CAU,
https://images-na.ssl-images-amazon.com/images/I/81OrgeFsZKL._SL1500_.jpg,
https://encrypted-tbn0.gstatic.com/images?q=tbn%3AANd9GcRMtUX4tz4YwlAq8ekYAr-a5MTa4gUtUk8IwOi0c_WTxgzga3br&usqp=CAU,
https://encrypted-tbn0.gstatic.com/images?q=tbn%3AANd9GcRtJ3X2sd4S54i9o--f2wOQBi47zUngR1Ndh1i7oWzzy22q9Iet&usqp=CAU,
https://encrypted-tbn0.gstatic.com/images?q=tbn%3AANd9GcToxfg0TrJVwiJuKBJeDX7fAlvWbW3soGwx83H6O09qrpWYWHNd&usqp=CAU,
https://encrypted-tbn0.gstatic.com/images?q=tbn%3AANd9GcRI1CGrQ5IB2U22xcYjdDdQW-wbc207yiZIPtpLJQzB2xCCds1Y&usqp=CAU,
https://encrypted-tbn0.gstatic.com/images?q=tbn%3AANd9GcQpwunAYnkeajTjK3D_kMNQr9c8Jy4Xc3g4GCzOdyJG9mKICBUa&usqp=CAU,
https://encrypted-tbn0.gstatic.com/images?q=tbn%3AANd9GcTTqdrKGh9_4cJ7lJ11rSX-8nDa3PzpuIcl0d79OBPSHo6r7lfX&usqp=CAU,
https://www.bigw.com.au/p/52197/prdImages/GALLERY/largeImg/0,
https://www.character-online.com/content/images/thumbs/0010813_boxy-girls-unbox-me-dolls.jpeg,
https://encrypted-tbn0.gstatic.com/images?q=tbn%3AANd9GcT2BgLVVNQ_9bIVP9el83kWs3Y1dqYld4fKgkGSZu5agBbbE--9&usqp=CAU,
https://i.ytimg.com/vi/PdEFx3R7sxc/maxresdefault.jpg,
https://encrypted-tbn0.gstatic.com/images?q=tbn%3AANd9GcQbDkZ4xeMxiQgUtBEIQRzq3a18CIwrsT4AKm5Zn8Am8B3Pqzi2&usqp=CAU,
https://encrypted-tbn0.gstatic.com/images?q=tbn%3AANd9GcTZ4_tU2dsVQPV3Q4YxPk6jOQeSBlVlsubjHSH46X_Us6SdDFNA&usqp=CAU,
https://encrypted-tbn0.gstatic.com/images?q=tbn%3AANd9GcRcKVPlBDGJjXVuALLVfiq-YXF58kEaL547-C-84MktOEFBGfgv&usqp=CAU,
https://s7d9.scene7.com/is/image/OCProduction/ds300x?wid=800&fmt=jpeg&qlt=85,1&pscan=auto&op_sharpen=0&resMode=sharp2&op_usm=1,0.65,6,0,
https://i.ytimg.com/vi/zcVMr7dKIf8/maxresdefault.jpg,
https://encrypted-tbn0.gstatic.com/images?q=tbn%3AANd9GcQC8BirT_Kh1Oyc3Kq5KS_G8GVLJJ2F4yAfQh6BDGKCZvJeQJJ3&usqp=CAU,
https://encrypted-tbn0.gstatic.com/images?q=tbn%3AANd9GcRx8CcuPJ7rh3ne-v8D2QbAdlDUcbWhCUo_EIi02aEVuv0uw1h3&usqp=CAU,
https://assetscdn1.paytm.com/images/catalog/product/K/KI/KIDSOFT-GIRL-SISKSE11406766F6CBD50/1566456699999_0.jpg?imwidth=282&impolicy=hq,
https://static.turbosquid.com/Preview/001191/238/76/barbie-dolls-01-3D-model_Z.jpg,
https://cdn.cnn.com/cnnnext/dam/assets/191026145332-01-history-center-of-olmsted-county-creepy-dolls-trnd-large-169.jpg,
https://cdn11.bigcommerce.com/s-0kvv9/images/stencil/1280x1280/products/322286/466035/apiwzmxkz__06907.1581702183.jpg?c=2&imbypass=on,
https://encrypted-tbn0.gstatic.com/images?q=tbn%3AANd9GcS-mXhdJO8V8eKlbINYdPtfiRcF8DXIde4AVJ7Siy0HCfSxAh_0&usqp=CAU,
https://encrypted-tbn0.gstatic.com/images?q=tbn%3AANd9GcQHJOLjxo4au7OrFyQYeAyBMU_PYicHiTQ6j1mfcMBMgKlfgHxO&usqp=CAU,
https://encrypted-tbn0.gstatic.com/images?q=tbn%3AANd9GcQ1EQiEXt3pmdRvAErASo-x6DTJqbyTgxuwAxxki3UkEmBIeQhW&usqp=CAU,
https://encrypted-tbn0.gstatic.com/images?q=tbn%3AANd9GcSNk7jaKnt-V8kmw6_FO7xsR34eDSCNI-vJWxskzamQ-bHZAUyy&usqp=CAU,
https://static-ca.ebgames.ca/images/products/751581/3max.jpg,
https://encrypted-tbn0.gstatic.com/images?q=tbn%3AANd9GcSvUH8NrnAsjUgHbdBglyn8fl3r8_j8ttBxM3CLOvqgUxYrqI4T&usqp=CAU,
https://images-na.ssl-images-amazon.com/images/I/51NxhTbG5VL._AC_SX425_.jpg,
https://cdn.shopify.com/s/files/1/2653/2230/products/florence-foxy-regular-our-generation-doll-062243415409_482.jpg?v=1574873396,
https://encrypted-tbn0.gstatic.com/images?q=tbn%3AANd9GcRkoMIAvQoy8kTP3R4LTKFCMQ7H9-C0SaCUUKu5kHQBfMoClkqL&usqp=CAU,
https://ik.imagekit.io/overdose/curiate/product/2818b4ba/set-of-10-ethnic-dolls.jpg,
https://encrypted-tbn0.gstatic.com/images?q=tbn%3AANd9GcRfyaPrqJsChd6Q5jSPvsRx_vtM5fE_0NHUpPBVFZwfVmmShpwW&usqp=CAU,
https://encrypted-tbn0.gstatic.com/images?q=tbn%3AANd9GcTYUYnN7HmEX42ieoaW1G67lDgQ40H8MBz3HwCmyLJdGPqqG1B0&usqp=CAU,
https://cdn5.vectorstock.com/i/1000x1000/56/69/lol-dolls-print-vector-26465669.jpg,
https://encrypted-tbn0.gstatic.com/images?q=tbn%3AANd9GcToOqQ3SuCgK4MFrlTU6qFZLu0BKtM2MxmQQhaZ6whfIUpqWC7p&usqp=CAU,
https://encrypted-tbn0.gstatic.com/images?q=tbn%3AANd9GcRO3VzPyjt7WCBNDJv6r-fsWQS4l6Aq0HocL3zyYPr2bvJZ4Wzw&usqp=CAU,
https://encrypted-tbn0.gstatic.com/images?q=tbn%3AANd9GcRJVsQ4Xrjl05OHuakmpTsvykR8392Y3TGizhDclBSEZQUJEujt&usqp=CAU,
https://www.bigw.com.au/medias/sys_master/images/images/hc3/h96/14300140339230.jpg,
https://rukminim1.flixcart.com/image/352/352/jpcxrww0/doll-doll-house/s/v/j/lovely-baby-doll-poem-singing-toy-for-kids-pink-poem-doll-global-original-imafbmf5bay7zyyg.jpeg?q=70,
https://encrypted-tbn0.gstatic.com/images?q=tbn%3AANd9GcS3qFTzvR0o0td8CZiVR84F_Z4NeiHKrqEDFrpd-cK_A97UzZZd&usqp=CAU,
https://encrypted-tbn0.gstatic.com/images?q=tbn%3AANd9GcSiQW0QrhLQC8Lyvkcf8P0Chx7usZbPyD_B3K3UDjaZ54cduthN&usqp=CAU,
https://www.bigw.com.au/medias/sys_master/images/images/h97/h6c/13621800337438.jpg,
https://assets.ajio.com/medias/sys_master/root/h97/h25/12297200599070/-473Wx593H-4913749230-multi-MODEL.jpg,
https://encrypted-tbn0.gstatic.com/images?q=tbn%3AANd9GcSVxKQiH-iMnPeUDzQm4dTkLZPqWPHzkuhCCXTdiMVDfGg1eoUX&usqp=CAU,
https://rukminim1.flixcart.com/image/352/352/jmnrtzk0-1/doll-doll-house/h/f/t/mini-lovely-leo-and-lola-baby-doll-for-kids-2-baby-dolls-original-imaf9dau3awsqmmu.jpeg?q=70,
https://encrypted-tbn0.gstatic.com/images?q=tbn%3AANd9GcSAXCPnJaXem6OF2p7atK1QxivURPDt4Rp4q8AyZoR7niL-q5ky&usqp=CAU,
https://encrypted-tbn0.gstatic.com/images?q=tbn%3AANd9GcQm6FTCMo3UNRJDHAOkKTFwVm7e_i4sbEW3gCffnyNLJ9BDjXE_&usqp=CAU,
https://upload.wikimedia.org/wikipedia/commons/thumb/0/01/Gliederpuppe.jpg/1200px-Gliederpuppe.jpg,
https://encrypted-tbn0.gstatic.com/images?q=tbn%3AANd9GcThl_r6uytreVjIhKzfK-tAXFYPkTjowK9YQe25hcdhBT7cIy2M&usqp=CAU,
https://dolls.moe/3315-large_default/chuchu-doll-alice-dolchu-hobby-japan.jpg,
https://cdn.images.fecom-media.com/G306078_H05743-HOP-BAT-W01.jpg,
https://cdn.i-scmp.com/sites/default/files/styles/768x768/public/d8/images/methode/2019/10/31/a6afe3e0-fac2-11e9-acf9-cafedce87d15_image_hires_035115.jpg?itok=l3OMmAhv&v=1572465082,
https://www.toysrus.co.za/media/catalog/product/cache/3eaaf8ea3b5e0da4fe54029c26ec435b/3/5/35051559665_imageoutofpack.jpg,
https://www.thetoyshop.com/medias/534223-Primary-1200Wx1200H?context=bWFzdGVyfGltYWdlc3wyMzQzOTZ8aW1hZ2UvcG5nfGltYWdlcy9oMWUvaDNjLzkxNTIxOTAxODU1MDIucG5nfDBiM2UyMmIyY2VhYWRiYTBlNTA1NzhkYTdhYTc5ZGQxN2I5ZDA1M2VlZGE4NjAwMjljODU2ZTMxNGEwYTNlMjQ,
https://encrypted-tbn0.gstatic.com/images?q=tbn%3AANd9GcRcfAIuW9gDwDe4JklouOC-jm-XXs_Jg8Z8naMiljsH7d2pZGYL&usqp=CAU,
https://d3kmxg77k2rg6s.cloudfront.net/littledressupshop/rlg/alice-in-wonderland-doll-dress-with-headband_xl.jpg,
https://encrypted-tbn0.gstatic.com/images?q=tbn%3AANd9GcS4eB8J5UGyEjuTYdFNlBgnlFcduGrjV7Odx38D5pcbPDu2SISZ&usqp=CAU,
https://encrypted-tbn0.gstatic.com/images?q=tbn%3AANd9GcQTBQpjOxL3ZZzPQlEGIzg2cpckppfzOmyr8mjpRXMdH4uDWfwj&usqp=CAU,
https://media.4rgos.it/s/Argos/8909055_R_SET?$Main768$&w=620&h=620,
https://cf.shopee.ph/file/1f1c770484e81b5b777d628bf5d14076,
https://encrypted-tbn0.gstatic.com/images?q=tbn%3AANd9GcTUsQbkaJbLWEiIOp7IMRGfIfBl8etTCXGCfNrUvn-ogAwywvxB&usqp=CAU,
https://encrypted-tbn0.gstatic.com/images?q=tbn%3AANd9GcQ93fhH3_whUe7fgGCT5qJc9rYBjX05EY8uWwLnp3MiGCAEnfZL&usqp=CAU,
https://encrypted-tbn0.gstatic.com/images?q=tbn%3AANd9GcRbsaMunlZcDfK9S5YhPl03TZWSqACqdU9hhE6dQGCu6M96sn1C&usqp=CAU,
https://s3-prod.adage.com/s3fs-public/20190930_DollRace_Bloomberg3x2.jpg,
https://encrypted-tbn0.gstatic.com/images?q=tbn%3AANd9GcRfdVDkY8i1TuVDL4Krs7QXUfDd5cHmc_KgpIYoAkRApBG3bCKQ&usqp=CAU,
https://encrypted-tbn0.gstatic.com/images?q=tbn%3AANd9GcStu4eKDKoduiaPM_7ApxZGn_6bA9jNrUAIEzTu0hZHy7_ohwCw&usqp=CAU,
https://encrypted-tbn0.gstatic.com/images?q=tbn%3AANd9GcQFR4121tAxoM33Om_B11XzQ9aDHlV3DdurXf10MFSETwmW0lSZ&usqp=CAU,
https://encrypted-tbn0.gstatic.com/images?q=tbn%3AANd9GcQj5xNUPKTkxCw2F1aZuxBgA3srNqbt5Mm_WtApoN1GOxMvlsaK&usqp=CAU,
https://www.target.com.au/medias/static_content/product/images/full/26/44/A1372644.jpg?impolicy=mobile_hero,
https://n3.sdlcdn.com/imgs/i/c/b/Emob-2-Pretty-Sisters-Dolls-SDL195036387-1-8e608.jpeg,
https://ichef.bbci.co.uk/news/1024/cpsprodpb/2FB3/production/_109911221_crop-pcd-embargod.jpg,
https://encrypted-tbn0.gstatic.com/images?q=tbn%3AANd9GcS5aPfzmW5_L6F9mWfTA9Y4RyBgIrCGWdkWalGk36XEAzGCe-ev&usqp=CAU,
https://encrypted-tbn0.gstatic.com/images?q=tbn%3AANd9GcQwXSdkTfwAmW0MbJ1dQH5A2MuMEaKsc0HlhOdc1Ra8sNI5UUBn&usqp=CAU,
https://encrypted-tbn0.gstatic.com/images?q=tbn%3AANd9GcQsHEjoApdkDryNkuINHzfYiQoDweeK-RK0wATx3pGBisHoHKxL&usqp=CAU,
https://static01.nyt.com/images/2019/09/25/arts/oakImage-1569428359785/oakImage-1569428359785-superJumbo.jpg,
https://rukminim1.flixcart.com/image/352/352/jqo3b0w0/doll-doll-house/z/h/g/fashion-doll-frozen-sister-dolls-beautiful-princess-elsa-and-original-imafchvjfhp2fhqw.jpeg?q=70,
https://encrypted-tbn0.gstatic.com/images?q=tbn%3AANd9GcQOuArEdS0lRjHgmRrtUlm-cLpOkRXt1RDTMtRG5opdo-OJ68RH&usqp=CAU,
https://ksr-ugc.imgix.net/assets/022/495/301/4433df499d69fdcf683d0e23508fd66b_original.jpg?ixlib=rb-2.1.0&crop=faces&w=1552&h=873&fit=crop&v=1537114930&auto=format&frame=1&q=92&s=c9319c8f70d21a51e25b2ee6f4085070,
https://encrypted-tbn0.gstatic.com/images?q=tbn%3AANd9GcSDakCOnoztO4F1YP2-HBCT60pY6GvR9rBbfbVwhNJrVniNuhG8&usqp=CAU,
https://cdn.m2.bigjigstoys.co.uk.cfstack.com/media/catalog/product/cache/b602cca0b1c302411eaf5cc7f6f3f5d1/h/t/httpwww.bigjigstoys.comimages3pbjd045.jpg,
https://cdn1.bigcommerce.com/n-ww20x/jykiflg3/products/1084/images/5626/miniland-dolls-caucasian-asian-african-38cm__90626.1544847831.1280.1280.jpg?c=2,
https://encrypted-tbn0.gstatic.com/images?q=tbn%3AANd9GcSrZ6E_7YbRVMia0dMZTSHas4yOtNVle_pftPJieabs_YxaBd1j&usqp=CAU,
https://encrypted-tbn0.gstatic.com/images?q=tbn%3AANd9GcRvJuOpYRqpBRnSzdgbonnLLOt18UGifaEzLHbNijqfbSySswCO&usqp=CAU,
https://images.mattel.com/scene7/?$ossmallindex$&storeId=10151&SKU=FJH61,
https://image.smythstoys.com/original/desktop/163456.jpg,
https://cdn11.bigcommerce.com/s-20056/images/stencil/1280x1280/products/3584/5994/Untitled-3__74279.1564517916.jpg?c=2?imbypass=on&imbypass=on,
https://images-na.ssl-images-amazon.com/images/I/71T0FpUh06L._AC_SX425_.jpg,
https://www.kmart.com.au/wcsstore/Kmart/images/ncatalog/f/9/42701279-1-f.jpg,
https://encrypted-tbn0.gstatic.com/images?q=tbn%3AANd9GcQBhQCeeyjAOj-4iIHsPDrXvOcOTztHIRuL5rXhfJMRQV5IilQg&usqp=CAU,
https://encrypted-tbn0.gstatic.com/images?q=tbn%3AANd9GcRbjUnikAsMROgJDz3CEw1ff6mAOvj1Q3cux5yMcgq0q5nwi5TT&usqp=CAU,
https://encrypted-tbn0.gstatic.com/images?q=tbn%3AANd9GcQzjoVovBi6Od92WidvLnPdd37t-el9q00ryCOjmDE9jerWi438&usqp=CAU,
https://encrypted-tbn0.gstatic.com/images?q=tbn%3AANd9GcR46DBqoon5Nft3LBjUtG_423_2EJWA_Ulas3ctvAXnH6Or0qRS&usqp=CAU,
https://encrypted-tbn0.gstatic.com/images?q=tbn%3AANd9GcRvTch4RRbbCZ_EH6njGdl-rJLSmqKiFG6esIzOLo8PQSPVqY2N&usqp=CAU,
https://encrypted-tbn0.gstatic.com/images?q=tbn%3AANd9GcSWF091d2O-I0DslqfRqXAwUkH0cSmvk8oB8vs6dHdpQrBsjPgd&usqp=CAU,
https://www.kollectablekaos.com.au/wp-content/uploads/2019/11/MEZ94460-Living-Dead-Dolls-Annabelle.jpg,
https://encrypted-tbn0.gstatic.com/images?q=tbn%3AANd9GcThTbXmO6LfwirYlrVpfgSzQxYNMtjSIrsHOv93dshfFCuzayOc&usqp=CAU,
https://static.turbosquid.com/Preview/001191/249/A7/3D-barbie-dolls-02-model_Z.jpg,
https://encrypted-tbn0.gstatic.com/images?q=tbn%3AANd9GcQOzzWHVPBZtdRhrNSB3N_eGEJHwtXE3bziKQkayrX0vqjIcS7Z&usqp=CAU,
https://5.imimg.com/data5/JG/VS/MY-50080781/ever-after-high-birthday-ball-c-a-cupid-doll-500x500.png,
https://pisces.bbystatic.com/image2/BestBuy_US/images/products/6359/6359522_sd.jpg,
https://encrypted-tbn0.gstatic.com/images?q=tbn%3AANd9GcT8X_rpxm5wLMIsgfxUxK7td8pwPo42U81YH1ob1xrWDIK3up4K&usqp=CAU,
https://www.dollshouseboutique.com.au/assets/full/KK0126848.jpg?1539052719,
https://cdn.shopify.com/s/files/1/2653/2230/products/ella-grace-regular-our-generation-doll-62243281738_551.jpg?v=1570744720,
https://encrypted-tbn0.gstatic.com/images?q=tbn%3AANd9GcQzALsSGzPGKAn7bHCmTDgjT5ASNWrFsBCgiXX3MseKx7_VdVOh&usqp=CAU,
https://ae01.alicdn.com/kf/He933220f81904a7b9bba9604af8f0ea1D/9cm-Ddung-Mini-Dress-up-Doll-Korean-Anime-5-Joints-Moving-Baby-Cute-Children-Bag-key.jpg,
https://s7d9.scene7.com/is/image/OCProduction/lc180x?wid=800&hei=600,
https://encrypted-tbn0.gstatic.com/images?q=tbn%3AANd9GcTU04t5YOxsN8z6VN2K5Sg1VOf4HdX32BVu_BIdhrj9DQltUhQ0&usqp=CAU,
https://cdn.shopify.com/s/files/1/2111/0031/products/x_mez99594_1400x.jpg?v=1553186247,
https://www.meijer.com/content/dam/meijer/product/0088/79/6171/69/0088796171699_0_A1C1_0600.png,
https://dolls.moe/3290-large_default/-preorder-muneca-azone-hello-kikipop-kinoko-juice-chirorulila-chirorulila-anemone-chan-doll-new.jpg,
https://encrypted-tbn0.gstatic.com/images?q=tbn%3AANd9GcTauv8EkXjkMCotfsgQZOTxth3NNdd9Elb5l7jrGK7s-rn_f046&usqp=CAU