images_url,https://www.researchgate.net/profile/Lorena_Nunez6/publication/233055722/figure/tbl1/AS:669220476043273@1536566003382/Four-types-of-household-composition-identified-in-the-urban-area.png,
https://encrypted-tbn0.gstatic.com/images?q=tbn%3AANd9GcSmBFiqSSZ8puvOph-kmtk160q_R74vokAkmn22bQHGid3CQLFQ&usqp=CAU,
https://encrypted-tbn0.gstatic.com/images?q=tbn%3AANd9GcQOFqLLlcFTFWnGn1jdRhjdaY6vhk8GrlqkM3VZIP4k3i8RDbyM&usqp=CAU,
https://encrypted-tbn0.gstatic.com/images?q=tbn%3AANd9GcSUkqk0PXMJcXQWdEe1n6NjznatMiQdnWqQua9Vz47GnEba0F4j&usqp=CAU,
https://encrypted-tbn0.gstatic.com/images?q=tbn%3AANd9GcSywwJxb0VmYMco9Sank2xWIi36EqU1bKM3EcVa_wk9UPjKviYb&usqp=CAU,
https://encrypted-tbn0.gstatic.com/images?q=tbn%3AANd9GcSrDhK7d9u8vjFLZ-b-fmzMsvnr2v38ZTUlfaGfMhSTxl1wzQT3&usqp=CAU,
https://encrypted-tbn0.gstatic.com/images?q=tbn%3AANd9GcQiYq-chfH6SDbyYRLAo0KGcX_W9VUHuSuPamka_9LzALWRLA3I&usqp=CAU,
https://d3fy651gv2fhd3.cloudfront.net/charts/india-personal-savings.png?s=indiapersav&v=201909051408V20191105&ismobile=1&w=400&h=250&lbl=0,
https://encrypted-tbn0.gstatic.com/images?q=tbn%3AANd9GcS3n5xqCsE-6cvIPZoXGx0gAtV4pqdkQgkY6WSkWkF7IaEzir3q&usqp=CAU,
https://encrypted-tbn0.gstatic.com/images?q=tbn%3AANd9GcRzRsOyJ_HHJaBoMN5MTSoBajcviPhpA7ZC-haDuSvTtDSJHbN_&usqp=CAU,
https://encrypted-tbn0.gstatic.com/images?q=tbn%3AANd9GcSNqu-lCWm2dalh9zZZDwRr3evLCOu_q2qimkjA4JOzs_KOfhaK&usqp=CAU,
https://encrypted-tbn0.gstatic.com/images?q=tbn%3AANd9GcS8wvjzy63R4s0otXFp39q-8nng0-d9E67h1ATT2PPEH3SntFbJ&usqp=CAU,
https://encrypted-tbn0.gstatic.com/images?q=tbn%3AANd9GcStY6yrNUksYcQYIwylY_mG4_guuPkKEfEIVINV2ZqVial7O8_4&usqp=CAU,
https://img.etimg.com/thumb/width-640,height-480,imgsize-408464,resizemode-1,msid-65428867/88-per-cent-rural-households-have-savings-account-nabard-survey.jpg,
https://encrypted-tbn0.gstatic.com/images?q=tbn%3AANd9GcSpgPJMVhVuRGlhI6kb2153dlPQQuf8OZRD4zu3lesTOKVIoPYw&usqp=CAU,
https://img.etimg.com/thumb/width-640,height-480,imgsize-97310,resizemode-1,msid-72174421/stress-in-rural-households-and-loan-defaults-create-woes-for-microfinance-sector-in-assam.jpg,
https://encrypted-tbn0.gstatic.com/images?q=tbn%3AANd9GcQsaL-p8zSvnHAR5edVwHu92zx2hzZcmYU8z7e3Vhg7zMLlQ9Mh&usqp=CAU,
https://encrypted-tbn0.gstatic.com/images?q=tbn%3AANd9GcTEv7FpXCkR28K6Fou8yNm7dYGNofpEdO61GJWy39QAuKvXELDZ&usqp=CAU,
https://www.researchgate.net/profile/Anne_Terheggen/publication/224959880/figure/fig2/AS:302848811257858@1449216191340/Households-According-to-Disposable-Income-Bracket-in-China-India-Brazil-and-Russia-000.png,
https://encrypted-tbn0.gstatic.com/images?q=tbn%3AANd9GcQpSNMMuKzOLKarDjjNM0HISfN_PsGk961wcDzVz8o9eGzmnG3C&usqp=CAU,
https://encrypted-tbn0.gstatic.com/images?q=tbn%3AANd9GcSL2ZfLtnqpOjoxs_eCAnbJc6dEtjoCZ2SP6ShxubtZ4eBiIZuT&usqp=CAU,
https://encrypted-tbn0.gstatic.com/images?q=tbn%3AANd9GcR0P_rAYWGgbwgacAeeQFZLTy5GLW4eqVoja4BhfkdfRLKjhATl&usqp=CAU,
https://encrypted-tbn0.gstatic.com/images?q=tbn%3AANd9GcTFU4mrcmBC5TW1uFJf0QHXPlrLzeKevt_0ZNjWyYVGjyJylUeZ&usqp=CAU,
https://www.kff.org/wp-content/uploads/2018/02/9164-figure-1.png,
https://encrypted-tbn0.gstatic.com/images?q=tbn%3AANd9GcSuoHYxny-juHmTlJX4CGQk2TbMAzvtFlb2p_yTFFEDE9DJ6U_t&usqp=CAU,
https://d3fy651gv2fhd3.cloudfront.net/charts/norway-households-debt-to-income.png?s=norwayhdti&v=201911141610V20191105&ismobile=1&w=400&h=250&lbl=0,
https://encrypted-tbn0.gstatic.com/images?q=tbn%3AANd9GcQKbthLieIyF7xh0HOZlBi9oSSh_f1DWZq6rLpDE4prxoh1Hjjg&usqp=CAU,
https://encrypted-tbn0.gstatic.com/images?q=tbn%3AANd9GcSMefnqVI-BfSMxtf16viYOcwIqEVEc5gGv0TPCfoWDQdBq5pXx&usqp=CAU,
https://encrypted-tbn0.gstatic.com/images?q=tbn%3AANd9GcS2tO4UWupIbsogrwWffHs1s2pZZO9E-8niMWUuieeFMvwsEZwS&usqp=CAU,
https://image.slidesharecdn.com/presentationslidesdemarcationofmalaysianhouseholds-190924091230/95/demarcation-of-malaysian-households-an-integrated-income-and-consumption-analaysis-4-638.jpg?cb=1569316412,
https://encrypted-tbn0.gstatic.com/images?q=tbn%3AANd9GcSTLnrXn64Kw5LNdRcsaQecW9i-fGAY_WixLxFuz0PLVki2QXcj&usqp=CAU,
https://climatepolicyinfohub.eu/sites/default/files/figure_2_0.jpg,
https://encrypted-tbn0.gstatic.com/images?q=tbn%3AANd9GcQ9TlI9IX7k7gqSJnRf7ypya2rgDdkOyTz8klqI2iENj5pRPJOJ&usqp=CAU,
https://encrypted-tbn0.gstatic.com/images?q=tbn%3AANd9GcTrtcmLG9WMOeuwcmRzzfYs98FMbefulQV4slK_TQgDvebM_x1C&usqp=CAU,
https://encrypted-tbn0.gstatic.com/images?q=tbn%3AANd9GcR9QYBgu-XK18NmykJt0weBf652WGF24mPIsSqKlmPETreKjvzN&usqp=CAU,
https://upload.wikimedia.org/wikipedia/commons/e/e1/Household_debt_in_Great_Britain_2008-10.png,
https://encrypted-tbn0.gstatic.com/images?q=tbn%3AANd9GcQ_a-HguYF4zwOTxOTN1EsJPAHagv8LG5egapAOv5DHHr2hyae0&usqp=CAU,
https://encrypted-tbn0.gstatic.com/images?q=tbn%3AANd9GcSlxiwHQ9n3JoV4RH0-Hwa_bbSKabD1t5OwP4XWjXbHqhWQ-ggi&usqp=CAU,
https://encrypted-tbn0.gstatic.com/images?q=tbn%3AANd9GcQkMa3bRHJmkb9kudBUtFHppwS7A2CLhCwpUUecC1tXk87OLCHG&usqp=CAU,
https://encrypted-tbn0.gstatic.com/images?q=tbn%3AANd9GcQla1v3QhBzwi66PkUiVzmD7u795MU-17uCTo-zMADGp3ARHKRo&usqp=CAU,
https://www.pewforum.org/wp-content/uploads/sites/7/2019/12/PF_12.12.19_religion.households-00-08.png,
https://www.marketingcharts.com/wp-content/uploads/2013/08/Census-Changing-US-Household-Types-1970-2012-Sept2013-300x163.png,
https://ec.europa.eu/eurostat/statistics-explained/images/0/07/Households_by_number_of_occupants%2C_EU-28%2C_2007_and_2016_%28%25_share_of_all_households%29_PITEU17.png,
https://encrypted-tbn0.gstatic.com/images?q=tbn%3AANd9GcSvb_XKt8s8OQEQEg6itFCNgcc1lLeZ-4nx5gQ7hKoThhzn_1PO&usqp=CAU,
https://d2un9pqbzgw43g.cloudfront.net/main/Roni-Households-Limited-IPO.png,
https://encrypted-tbn0.gstatic.com/images?q=tbn%3AANd9GcQOQmYM6vGElGaQRpG6ZyqK9eivNEWGVPjxZ4d4ixgUtNy4pWAS&usqp=CAU,
https://d33wubrfki0l68.cloudfront.net/5d3d0e5ca48ff8e2b29cece011182c5578d69ca0/91e7b/posts/2017-12-01-what-s-a-household_files/figure-html/household_types-1.png,
https://i.ytimg.com/vi/QNeTFRCwu08/hqdefault.jpg,
https://image.iol.co.za/image/1/process/320x180?source=https://inm-baobab-prod-eu-west-1.s3.amazonaws.com/public/inm/media/image/111953624.JPG&operation=CROP&offset=0x112&resize=626x352,
https://encrypted-tbn0.gstatic.com/images?q=tbn%3AANd9GcTu-0A4EezWHOsMVO-sQFJbeyGaBx8nHxrPn0P16c-en1Z6hsHu&usqp=CAU,
https://encrypted-tbn0.gstatic.com/images?q=tbn%3AANd9GcTiMZghwSiGZ5Y7SNS4nnwlqpehoYwebMKFzz8F40cBOuEvSqgu&usqp=CAU,
https://blog.euromonitor.com/wp-content/uploads/2015/07/6a01310f54565d970c01a511e21a3b970c-800wi.png,
https://encrypted-tbn0.gstatic.com/images?q=tbn%3AANd9GcRl4cGj56ylHlaieRLNIBfPTT8xKVgXnfsBeHPby_xq-JxLHQcM&usqp=CAU,
https://encrypted-tbn0.gstatic.com/images?q=tbn%3AANd9GcS_TEJ6SFpkctJMlij7okzrpXL_rmKQ3e8M5U8oowSTp8nc-zWi&usqp=CAU,
https://www.rbi.org.in/scripts/images/02AR10032018_CH4.jpg,
https://encrypted-tbn0.gstatic.com/images?q=tbn%3AANd9GcQhQHhLVIYASJoLsrL1cEYkGhHsvtEcKjsjsMunToXcX3qCnMvu&usqp=CAU,
https://encrypted-tbn0.gstatic.com/images?q=tbn%3AANd9GcSXLTUY3XPzEBjho5_mFirGyB9RwIFJFxFp3k0067mMZ2sfPsIK&usqp=CAU,
https://encrypted-tbn0.gstatic.com/images?q=tbn%3AANd9GcRxv65rj3h64QgisNSpczJ2vpUaVxYUJjTlGZczidUKBNWUz6_S&usqp=CAU,
https://encrypted-tbn0.gstatic.com/images?q=tbn%3AANd9GcQA_GgRe1iqHibfQvZKq3UEFKlvsbGgEj04IhkKBY1qmYOF2KJI&usqp=CAU,
https://encrypted-tbn0.gstatic.com/images?q=tbn%3AANd9GcQqDfMNMVlK7XT24t0pnD1PyVDCbQdKN_uvnyHtelkSVW8RnHfJ&usqp=CAU,
https://encrypted-tbn0.gstatic.com/images?q=tbn%3AANd9GcR6MO5hGpWIsmI9K0aeh5lQHUUnsd5AVAYXtfgEfP-AZHYMU_at&usqp=CAU,
https://efc.web.unc.edu/files/2016/10/house.png,
https://encrypted-tbn0.gstatic.com/images?q=tbn%3AANd9GcTIa7ReS41M3DJ46zOJyF5Dk84sQuBgveeVpnk2hzyKkDpiTIun&usqp=CAU,
https://encrypted-tbn0.gstatic.com/images?q=tbn%3AANd9GcR80RhmzKniIjUhssVqm74dEbmu3HnXneuOQ3EoIWI8nZ0uksJ3&usqp=CAU,
https://lh3.googleusercontent.com/proxy/dT13VBlBIVCyNGE8EwrBqZV28XI5I8iF0j_UNc4p7aq2CMcg9BvdcQ7fmQx1qQDAYsSqJZP-30y3w4EsXaVbtKzvKhX5Xk0Fkz7JjSS6-EdfWo8cgEOjuBv8hvY5bTaSPyMiKzG7-qLCFA,
https://46ba123xc93a357lc11tqhds-wpengine.netdna-ssl.com/wp-content/uploads/2017/04/gartner-total-households-smart-speakers-01.png,
https://static-news.moneycontrol.com/static-mcnews/2018/02/Debts-770x433.jpg,
https://image.slidesharecdn.com/presentationslidesdemarcationofmalaysianhouseholds-190924091230/95/demarcation-of-malaysian-households-an-integrated-income-and-consumption-analaysis-1-638.jpg?cb=1569316412,
https://ec.europa.eu/eurostat/statistics-explained/images/8/88/Developments_for_total_financial_assets_and_liabilities_of_households_and_non-profit_institutions_serving_households%2C_2008-2018_%28billion_EUR%29_FP20.png,
https://encrypted-tbn0.gstatic.com/images?q=tbn%3AANd9GcSLzPA6rtOnbFDNzr_ANsFntRCGiy_RwmQIOQA-CHn3tIRL8YA0&usqp=CAU,
https://46ba123xc93a357lc11tqhds-wpengine.netdna-ssl.com/wp-content/uploads/2017/04/us-household-speaker-ownership-2020-01-1.png,
https://cdn.statcdn.com/Statistic/960000/964563-blank-754.png,
https://encrypted-tbn0.gstatic.com/images?q=tbn%3AANd9GcSVPiZ1JJDbWGcsU6wJv6qrMxR4oylXhDlVfCAb8Hz0iszWIqPr&usqp=CAU,
https://encrypted-tbn0.gstatic.com/images?q=tbn%3AANd9GcRdrIIZgUz65-E14Jxkh-p_FTjyEQAwwhdxwVMzQC9eSp6_8mzD&usqp=CAU,
https://encrypted-tbn0.gstatic.com/images?q=tbn%3AANd9GcRP5y_OKFHSHn3hqCht4VLnRaVRBL9A1Womn1KtRY9NMrjeOtRj&usqp=CAU,
https://www.marketingcharts.com/wp-content/uploads/2017/12/LRG-US-Adult-Internet-Access-2017-v-2012-Jan2018.png,
https://images-na.ssl-images-amazon.com/images/I/51t2XGR1G4L._SX302_BO1,204,203,200_.jpg,
https://encrypted-tbn0.gstatic.com/images?q=tbn%3AANd9GcQZZ8jbc9Ado6FpCyaLLe8IFK_SoL6aRJVgGbW2x8rUUOt-wGqG&usqp=CAU,
https://image.shutterstock.com/image-vector/household-icons-professional-pixel-perfect-260nw-1234556779.jpg,
https://encrypted-tbn0.gstatic.com/images?q=tbn%3AANd9GcQ-W0Jg3Htc6bsoXgv5Q2RB3aex8GKc9tgIKezJHWRed4LVUpCY&usqp=CAU,
https://ifr.org/downloads/press/02_2016/Service_Robots_sales_and_forecast_2014_-_2019.jpg,
https://i1.wp.com/www.prb.org/wp-content/uploads/2003/11/p-ushouseholds.gif?w=253&crop=0%2C0px%2C100%2C264px&ssl=1,
https://encrypted-tbn0.gstatic.com/images?q=tbn%3AANd9GcTIm0L6fTCSybZTLIl7rbQyqEpBlElZYAWdJUG9Xb8QCMiZH38W&usqp=CAU,
https://encrypted-tbn0.gstatic.com/images?q=tbn%3AANd9GcThNDxpaas8LfkIUUiVjTxLRPeLcnJrB1dsLtl59Bk3SL71PXjJ&usqp=CAU,
https://encrypted-tbn0.gstatic.com/images?q=tbn%3AANd9GcT5fJaiK8B1xqMyS6lTzFXjLHUZkTncMUioKB1VPB_16KoQd8Vv&usqp=CAU,
https://encrypted-tbn0.gstatic.com/images?q=tbn%3AANd9GcRpmVvP-pRYUPq5MFnNh95Crk0sX_o25g81plJeQ4lf4ldCBLsZ&usqp=CAU,
https://encrypted-tbn0.gstatic.com/images?q=tbn%3AANd9GcTC92p4djlfRAbQwcRypWm4dFTBHP69WGXMcMEIe1Uv3Z-7JwYl&usqp=CAU,
https://i.ytimg.com/vi/bdJ_4ZQ6N3g/maxresdefault.jpg,
https://i.ytimg.com/vi/o9-WY5lir0A/maxresdefault.jpg,
https://s3.amazonaws.com/media.mediapost.com/dam/cropped/2019/10/03/multiple-svod-suscriptions-chart-parks-assoc-sized-to-fit-1019_wUSkjiJ.jpg,
https://ourworldindata.org/grapher/exports/technology-adoption-by-households-in-the-united-states.png?v=6,
https://healthyplacesindex.org/wp-content/uploads/2018/02/icon_header_two-parent-household.png,
https://www.pewresearch.org/wp-content/uploads/2017/05/FT_17.05.03_devices_share.png,
https://encrypted-tbn0.gstatic.com/images?q=tbn%3AANd9GcQ6npYm_GNHmPlWd7s2LQ7nbb4nsPiOJbPaoHh2KFWDWW5DKeOM&usqp=CAU,
https://dollarsandsense.sg/wp-content/uploads/2019/08/hes-201718-header.png,
https://encrypted-tbn0.gstatic.com/images?q=tbn%3AANd9GcROELFgG5kigi9rDgkIJSZ3MSZQMMZTCFK1uSNVeSPXM0742r3h&usqp=CAU,
https://amsterdam.tastebeforeyouwaste.org/wp-content/uploads/2017/04/meta-chart-e1492698235328.jpeg,
https://encrypted-tbn0.gstatic.com/images?q=tbn%3AANd9GcSRwphiMClsCJo7sGtCMywir4RFUPHjjfNBjriFornpAmFHR0SE&usqp=CAU,
https://encrypted-tbn0.gstatic.com/images?q=tbn%3AANd9GcTDkEPk4XhusTUxpqIxX5NButfhS8JAKP1UslscbUpX8x0NcjNq&usqp=CAU,
https://bsmedia.business-standard.com/_media/bs/img/article/2019-11/25/full/1574704476-9264.jpg,
https://encrypted-tbn0.gstatic.com/images?q=tbn%3AANd9GcSesJhi5If8FoAb7K-S1qLaOwhngovi0Td5UeASpuJoO-t1vrBt&usqp=CAU,
https://encrypted-tbn0.gstatic.com/images?q=tbn%3AANd9GcQCVhMi3dR0EjaCKweZ3Ouq-lUyunAIisAU0lUXKIqXJ3h8UdO8&usqp=CAU,
https://upload.wikimedia.org/wikipedia/commons/a/a9/Distribution_of_US_and_CA_households_by_income_relative_to_CE_poverty_lines.png,
https://encrypted-tbn0.gstatic.com/images?q=tbn%3AANd9GcRkvE9vZx8MsCN_XtIe7sk3c71cKnFdMcaxzxrRR4FxlyJhIZ9i&usqp=CAU,
https://encrypted-tbn0.gstatic.com/images?q=tbn%3AANd9GcTH7krTqK8D-ZKPrqzzmuegfRsNUDsuemeMzcTeN-KvG7iO9LFy&usqp=CAU,
https://encrypted-tbn0.gstatic.com/images?q=tbn%3AANd9GcRDWu0-AlskVqENFB4HTFVQzsFcftrj-zTDpRQXz8TqOmomXIiG&usqp=CAU,
https://encrypted-tbn0.gstatic.com/images?q=tbn%3AANd9GcQRDHh9KyJxvWovPdf4qJvlNul0DldavvAg3UXhKH2RiiLfHhTG&usqp=CAU,
https://d27p8o2qkwv41j.cloudfront.net/wp-content/uploads/2016/09/How-Is-The-Household-Asset-Distribution-In-Rural-India-Like-e1473653282971.jpg,
https://images.livemint.com/r/LiveMint/Period2/2016/12/15/Photos/Processed/g-ICE360-(part11)web1.jpg,
https://encrypted-tbn0.gstatic.com/images?q=tbn%3AANd9GcT1BxlPgzNgKAK1lats7A3a_-SMO8hUUoquxlmiadMl1nqzhEDn&usqp=CAU,
https://encrypted-tbn0.gstatic.com/images?q=tbn%3AANd9GcQU0Fa8pnjhVZihtN6pfLX2s2_k2wwL6INXz_l4YlHqB22RDFWi&usqp=CAU,
https://encrypted-tbn0.gstatic.com/images?q=tbn%3AANd9GcSEn0qJDRx3X4LaE6Tp6o89Cxk2zfvFXv_Aytou5fBy3Al1qvdS&usqp=CAU,
https://encrypted-tbn0.gstatic.com/images?q=tbn%3AANd9GcRcI89F2bXC4afRu5GSczb0mnOUcy_NxR0wxdjBxx1lcurVWfY6&usqp=CAU,
https://encrypted-tbn0.gstatic.com/images?q=tbn%3AANd9GcQmn9uaiQVq2UasXTPWkx7aCLYuf_9l7dFTJ8jJKEhfw0Kf6KES&usqp=CAU,
https://encrypted-tbn0.gstatic.com/images?q=tbn%3AANd9GcQTOvdS4JthAA3s6wq12FUAcvnZoe8C0OPVdcNAcYsN3u_TgnX6&usqp=CAU,
https://encrypted-tbn0.gstatic.com/images?q=tbn%3AANd9GcRVwud6mBaV4ocqPjN7WLbg-bHYMaM0G5_IG5T1zM_oEt25FwE-&usqp=CAU,
https://static.thenounproject.com/png/690650-200.png,
https://encrypted-tbn0.gstatic.com/images?q=tbn%3AANd9GcTFUGfy-4wERBLlRRwuuKKtrIpNQ449MNn7t0oF5P3lr86mmjnk&usqp=CAU,
https://encrypted-tbn0.gstatic.com/images?q=tbn%3AANd9GcSodBuT71vRJ2j4TEPYfuMHseqLzwnLO5IL20TKyzsxiM4wmIYn&usqp=CAU,
https://images.livemint.com/r/LiveMint/Period2/2016/12/06/Photos/Processed/g-ICE360-(part4)web2.jpg,
https://mms.businesswire.com/media/20190320005614/en/711645/5/Our-Spring-Cleaning-Priorities-FINAL.jpg,
https://media-assets-04.thedrum.com/cache/images/thedrum-prod/s3-news-tmp-10557-connected_tv--2x1--940.jpg,
https://encrypted-tbn0.gstatic.com/images?q=tbn%3AANd9GcTo8cKbA4_vPaSXgukY5ctFNWc32dRCJXQSqEggkPi2ypPdzFit&usqp=CAU,
https://encrypted-tbn0.gstatic.com/images?q=tbn%3AANd9GcQ1YlOfA8B73Z_hd2vl92wBe16BQEi4MTtGfpQdGnVa0riHfTig&usqp=CAU,
https://www.thehindubusinessline.com/opinion/columns/c-p-chandrasekhar/gtz2j8/article30008097.ece/alternates/LANDSCAPE_435/bl19Macrochrt3col,
https://images-na.ssl-images-amazon.com/images/I/51Fg9SUQiLL.jpg,
https://s3-ap-southeast-1.amazonaws.com/www-min/img/PressImages/mood-of-the-consumer-survey-2020-1.png,
https://encrypted-tbn0.gstatic.com/images?q=tbn%3AANd9GcRT1Jf172XsaThbPirnfCNuwytpIRP5Eo12yqVF4GLJY2hr1_Ep&usqp=CAU,
https://techcrunch.com/wp-content/uploads/2012/04/wifi_alliance_logo.png?w=220,
https://encrypted-tbn0.gstatic.com/images?q=tbn%3AANd9GcSNte2n3c4-OyHftdar6EwjnGE70LjKrU_jQtsqBSfc1dIj7SMb&usqp=CAU,
https://encrypted-tbn0.gstatic.com/images?q=tbn%3AANd9GcSFErHUbZE9eCsq9fzBCkoCzKpFjyCozbBIJr4qe18kCDthYxbe&usqp=CAU,
https://www.marketingcharts.com/wp-content/uploads/2018/03/SpectremGroup-Number-of-High-Net-Worth-Households-2015-2017-Mar2018.png,
https://encrypted-tbn0.gstatic.com/images?q=tbn%3AANd9GcSwrhUeNpWmciyEXSBv3swyhFiZmCKJKc-VhaHnF2ub987iuay-&usqp=CAU,
https://ridermagazine.com/wp-content/uploads/2019/01/MIC-Motorcycle-Ownership-2018.png,
https://www.eia.gov/todayinenergy/images/2018.09.19/main.png,
https://cdn.kastatic.org/ka-perseus-images/d7db8600e2c179cc9df98fe29111eb2556f23c6c.png,
https://i1.wp.com/marketbusinessnews.com/wp-content/uploads/2018/01/Household-definition-and-examples.jpg?fit=878%2C666&ssl=1&resize=1200%2C910.25056947608,
https://encrypted-tbn0.gstatic.com/images?q=tbn%3AANd9GcQ5glrlZEjcVhiW4SmEWVT0Oh_1NGkO3gQ18rNZHnI_adDKtZyz&usqp=CAU,
https://tradingeconomics.com/charts/japan-households-with-television-percent-wb-data-.png?s=jpn.it.tvs.hous.zs%3Aworldbank&lbl=0&ismobile=1&w=400&h=250&lbl=0