images_url,https://encrypted-tbn0.gstatic.com/images?q=tbn%3AANd9GcQL2wsj2HXCn0yXukoygjA6eFs_thYqluIbWKqIzsKj8W2OOdXG&usqp=CAU,
https://encrypted-tbn0.gstatic.com/images?q=tbn%3AANd9GcTfFd_5laI4t0GccJm-iOp9T8_RvRoq7bSU2WT7os4IKpyhzXGv&usqp=CAU,
https://encrypted-tbn0.gstatic.com/images?q=tbn%3AANd9GcQjgOxL4gwwVkCSkWg2YounZ0Szmjzu3rRMm3-kmONQwmP4zFNu&usqp=CAU,
https://lh3.googleusercontent.com/proxy/q8FXcdeQAosxdMn4-B0ttKbY3R1fgiozvwpMVnm_SF1jO09VLCBF_8RTLo32cdqQ6pIMysg1pKc_She0LJiSz7F0E4MvyxzaJttHFlbqcffk43NqUQ1TuPY,
https://encrypted-tbn0.gstatic.com/images?q=tbn%3AANd9GcQjQlB92C6_iwK6aLW5p5QNWRFJmN9nLq8KCGejhlabpLeJD8lP&usqp=CAU,
https://encrypted-tbn0.gstatic.com/images?q=tbn%3AANd9GcRfFraeo8jV5v_ni9Yo0OXN36QLFhgIoaYFX7QWZcVtfOzj5yX8&usqp=CAU,
https://encrypted-tbn0.gstatic.com/images?q=tbn%3AANd9GcTDSpJVwytGsYiabzYWIoYujWm-HsF3u8aMIu_xNNMUULT_WmS-&usqp=CAU,
https://encrypted-tbn0.gstatic.com/images?q=tbn%3AANd9GcS4yp1cSuHIxmWYvRglZWYNsRl6akm7SEvawUaWKdSwrQm-8Y6p&usqp=CAU,
https://encrypted-tbn0.gstatic.com/images?q=tbn%3AANd9GcSUlv-DCqsn2myupuKIS43VNqQQVB2z2BjJ41PvJewNE-V3pqrr&usqp=CAU,
https://encrypted-tbn0.gstatic.com/images?q=tbn%3AANd9GcTUEyhroyN2H7nZyMm-emNoSil2Q8A2exqcT8BB4_HmdcYbSxtF&usqp=CAU,
https://encrypted-tbn0.gstatic.com/images?q=tbn%3AANd9GcR1QqD9aiXV5pPb717r-xkpKBCRl2JHHiTD6S3Jmxk6YsMIp7R8&usqp=CAU,
https://encrypted-tbn0.gstatic.com/images?q=tbn%3AANd9GcREsmfmW1fFomyyMV-EWxWlu8aFc4QEfzqtFJy7OPGzMs4AdGfL&usqp=CAU,
https://www.campdoc.com/files/Misc-Items.png,
https://encrypted-tbn0.gstatic.com/images?q=tbn%3AANd9GcRr-u7S57-ygi7hxabwlEs8w5sOXgRF5CbZMWfWZUMjHeOe4ibK&usqp=CAU,
https://www.crystalalloys.com/wp-content/uploads/2019/01/CHAPLETS-PLASTIC-LETTERS1.jpg,
https://encrypted-tbn0.gstatic.com/images?q=tbn%3AANd9GcQmqb1EEFpTwRXrFyA0sYF02j_G3I92XzFgPxonzwxLADrcsEgy&usqp=CAU,
https://encrypted-tbn0.gstatic.com/images?q=tbn%3AANd9GcRSccsKJH-e37MYPggtL4vNEgjRGTK9PfO5SOhForYQUuQ0OD3E&usqp=CAU,
https://cdn1.bigcommerce.com/server200/02bc9/products/201/images/6257/2019-rabbit-name-plate-web__99655.1562895798.300.300.jpg?c=2,
https://encrypted-tbn0.gstatic.com/images?q=tbn%3AANd9GcTuJRMXM50flQeudQPA8sMKx0PJ0uprD36catVDENiKUARku7Az&usqp=CAU,
https://encrypted-tbn0.gstatic.com/images?q=tbn%3AANd9GcRqcRUDnr9rRZklToFW4Pj5IcU-e7DOhZ_1HqPVHlgKqPQnAYZj&usqp=CAU,
https://encrypted-tbn0.gstatic.com/images?q=tbn%3AANd9GcSH2snOcXFPGmBPJKwtk5v_h3ozSeBxSyI7kF_PJPPzrhZyxYuw&usqp=CAU,
https://img.yumpu.com/12176027/1/500x640/quotation-for-supply-of-stationary-sanitary-misc-items-ministry-of-.jpg,
https://i.ytimg.com/vi/yFum92k3JYI/maxresdefault.jpg,
https://encrypted-tbn0.gstatic.com/images?q=tbn%3AANd9GcTyBI_dnAg3Lpk96UB3kdJ7AknG8JkeT4_fgp4aRTYApejW7ZsF&usqp=CAU,
https://www.thetenders.com/Images/SectorImages/SectorImage_37.jpg,
https://encrypted-tbn0.gstatic.com/images?q=tbn%3AANd9GcRJ80lmHbJOql7Js2HkADNn75uxVZxyo6NEFDhNSXZOQUnzStAx&usqp=CAU,
https://cdn3.volusion.com/pnrsx.hgdzr/v/vspfiles/photos/MiscT-2.gif?v-cache=1490490591,
https://steamuserimages-a.akamaihd.net/ugc/798737091172965357/A0E4CC2DCA0011EAC6B70A4795ECF1EE9135ACF8/?imw=637&imh=358&ima=fit&impolicy=Letterbox&imcolor=%23000000&letterbox=true,
https://encrypted-tbn0.gstatic.com/images?q=tbn%3AANd9GcSSANkoyZvZ8m3xrDGMYmWCP7Tz2Mq1M8TpW9npbKeErIezKkOI&usqp=CAU,
https://encrypted-tbn0.gstatic.com/images?q=tbn%3AANd9GcTTlAVenOQbbKP8zSdLwbTx6WCcS8d6du_kW-jTlRcWkGque1PD&usqp=CAU,
https://encrypted-tbn0.gstatic.com/images?q=tbn%3AANd9GcRatd5A9_5BV9Xw-1bunvhmMpiAl87V3hyxdONcmGOswdupayLD&usqp=CAU,
https://lh3.googleusercontent.com/proxy/BuSegb8SPh1mVUrVnSdrzD4Y_-B0LSlecftNGzxXlAy4EwuDrQiQfLmkgNcxSOdZ1cppeRSbqgNSZ-s7Xy8jswgagukoIKMFvQrccUQRWnwYPH_BJBZfYo4fWq16-wFNQy_vRk53xnme0Q6jQRoSHVmyJn6GcVoJv8mm,
https://www.thetenders.com/Images/SectorImages/SectorImage_63.jpg,
https://encrypted-tbn0.gstatic.com/images?q=tbn%3AANd9GcR-qcIxdnIv-xAb0Lk4EcO6bPa5T8IoMs9t-bzojW6W5waTQaJb&usqp=CAU,
https://encrypted-tbn0.gstatic.com/images?q=tbn%3AANd9GcTxUzcNzOPO2gGjmd5MRXHRYpKkcn4Si0YQOpSnP23aJzDj-ntL&usqp=CAU,
https://images-na.ssl-images-amazon.com/images/I/51aCcdi1E4L._SX355_.jpg,
https://encrypted-tbn0.gstatic.com/images?q=tbn%3AANd9GcQg1L0s3K7kzNzFg6EnSJhUQgkRQu9tvM0yrdvIj1o4DGq7T47M&usqp=CAU,
https://i0.wp.com/www.needleinkandthread.com/wp-content/uploads/2017/11/Misc-Items.png?fit=500%2C500&ssl=1,
https://codycrossanswers.org/answers/gadget-device-trinket-misc-items.png,
https://support.d-tools.com/@api/deki/files/23871/view_menu.png?revision=1&size=bestfit&width=637&height=423,
https://support.d-tools.com/@api/deki/files/21736/misc_items_form.png?revision=2&size=bestfit&width=720&height=544,
https://encrypted-tbn0.gstatic.com/images?q=tbn%3AANd9GcQWINjgxDMWe1N_ZxKGWXLtFyfuxUS3M3wI1Ehc9kCqxThvkROu&usqp=CAU,
https://encrypted-tbn0.gstatic.com/images?q=tbn%3AANd9GcQeWcouWM5O88KxCebvde4WLC5ULUPe7rapHTEDjbfiefEBsTQI&usqp=CAU,
https://www.nolawoodturning.com/wp-content/uploads/2018/09/cropped-nolawtwhite-1.png,
https://encrypted-tbn0.gstatic.com/images?q=tbn%3AANd9GcScFpW2btN9CXdVnOGMdZ81qqNNgiYSaVHYCm5AsTqm60HSvNBk&usqp=CAU,
https://encrypted-tbn0.gstatic.com/images?q=tbn%3AANd9GcQN4K3HRxF3dmy3eREhOCNgzP_W9tasZ1Pe3RRvHGeNoPvu6tuX&usqp=CAU,
https://encrypted-tbn0.gstatic.com/images?q=tbn%3AANd9GcT8aHBAr6O8FrklnOOQQrquklyaEbwcCr44cNqD9Xg9lD0dhWpF&usqp=CAU,
https://encrypted-tbn0.gstatic.com/images?q=tbn%3AANd9GcREIhPD-Ek-wpaVi61uzQHVCUso-wuUJzNwdn6BK2fELH9zE6xF&usqp=CAU,
https://encrypted-tbn0.gstatic.com/images?q=tbn%3AANd9GcS4b-QbRfL9GSLwt_-oMxfwi76MSeymqVurqwXO9IYoAMu_g5Fx&usqp=CAU,
https://encrypted-tbn0.gstatic.com/images?q=tbn%3AANd9GcSizutROA8hwrbraqy973y-ZzZAVYO5j-JW0fvYQaROzXr-xB9I&usqp=CAU,
https://www.seariderproductions.com/uploads/2/0/9/5/20955934/s259900230762009885_p444_i3_w640.png,
https://cdn-az.allevents.in/events1/banners/58b520bc50f85c24b59101d154079e93fdddfd9559bfd19b33195eb67cb814f0-rimg-w526-h526-gmir.jpg?v=1568630017,
https://encrypted-tbn0.gstatic.com/images?q=tbn%3AANd9GcRYuHl5LxvKNXY0BBF2fqEcT5Taqkz4dKzlLDQLeg5FvPleQR3b&usqp=CAU,
https://res.cloudinary.com/iwh/image/upload/q_auto,g_center/w_360,h_360,c_pad/assets/1/26/na.jpg,
https://encrypted-tbn0.gstatic.com/images?q=tbn%3AANd9GcRJOUhUH6lWyneorvTmJF_d3u7iprs8eTIslWGQNb-4reW7AXYF&usqp=CAU,
https://storage.googleapis.com/3d_model_images/482/4823357/misc-items-3d-model-WqxyY9L3l_200.jpg,
https://i0.wp.com/www.needleinkandthread.com/wp-content/uploads/2020/03/3.jpg?fit=250%2C141&ssl=1,
https://encrypted-tbn0.gstatic.com/images?q=tbn%3AANd9GcSWFhTzdet13eq1I-Ep61OPPo328_3VyHSyjxIaWiYb3AQBnY8T&usqp=CAU,
https://rcsshows.com/images/catalog/brasseasel.jpg,
https://encrypted-tbn0.gstatic.com/images?q=tbn%3AANd9GcTsfa_6Q2QitDTsejZej0wa9uBHCDt_OB_6cS34K5FJROLuRHwD&usqp=CAU,
https://encrypted-tbn0.gstatic.com/images?q=tbn%3AANd9GcSL3CpGfe3kP1rAg9WC9KGUAXyea7P8lTFTGYaRXOkcShG1EyqN&usqp=CAU,
https://encrypted-tbn0.gstatic.com/images?q=tbn%3AANd9GcSrA3ULQN-h-y-Eu6Wgigdw1Gw-xbisenu9fxCLEKtFjUmhY1JY&usqp=CAU,
https://encrypted-tbn0.gstatic.com/images?q=tbn%3AANd9GcRfEFya-w0eA0oLuGs3086oToCw_gQLX1gRGTdtP2g2xNgfCr2c&usqp=CAU,
https://i.ytimg.com/vi/R8_NXdKWK8Q/maxresdefault.jpg,
https://pixl.varagesale.com/http://s3.amazonaws.com/hopshop-image-store-production/51149011/ccfe8a63be20752eb56154a1e209caef.png?_ver=large_uploader_thumbnail&w=640&h=640&fit=crop&s=1d392a2bceb85ab36eb5e8bb72fafdc0,
https://encrypted-tbn0.gstatic.com/images?q=tbn%3AANd9GcQ-JWklXlKvus3jykalRaaj_1_EtI3YZrCv8GJI9ThhgXpQz-In&usqp=CAU,
https://previews.123rf.com/images/bernardojbp/bernardojbp1501/bernardojbp150100208/35643196-hand-drawn-vector-illustration-or-drawing-of-some-misc-items-or-objects.jpg,
https://encrypted-tbn0.gstatic.com/images?q=tbn%3AANd9GcS2CdtVDy1jVEdWwazLGGyH8YgrVpNG7FF_mi9PMkjTzmSIWpL2&usqp=CAU,
https://doronwaide.com/sites/default/files/5394/93745.jpg,
https://cdn.shopify.com/s/files/1/1844/5511/products/aop_banner_grande.jpg?v=1490302721,
https://encrypted-tbn0.gstatic.com/images?q=tbn%3AANd9GcRBfEV4tesqV8GQ8V-RaJxRrNZZmS0CayQ2YrjU3F07QHt7iMun&usqp=CAU,
https://www.apcollectibles.com/shop001/pc/catalog/misc_1400_large.jpg,
https://cdn.shopify.com/s/files/1/2730/2062/collections/images_1200x1200.jpeg?v=1515816805,
https://encrypted-tbn0.gstatic.com/images?q=tbn%3AANd9GcROB6YC1WV61V8ivZvVmJIbu-Ws1AkXovfGyep3n7rPXE_h8teI&usqp=CAU,
https://pbs.twimg.com/media/EGFz_RyUYAAkj87.jpg,
https://encrypted-tbn0.gstatic.com/images?q=tbn%3AANd9GcQgQ0IaN4WYy8tFQmrWt6zIbhYVgE1qYGuBtsH_MegL9F6UQoED&usqp=CAU,
https://cdn.shopify.com/s/files/1/1052/0520/t/2/assets/logo.png?7,
https://encrypted-tbn0.gstatic.com/images?q=tbn%3AANd9GcRv4sMtmq71dPjJwPEPu96NSdVoy7TvR04Kly25zoLcksdN1vIa&usqp=CAU,
https://www.sarozambia.com/wp-content/uploads/2017/02/ph-p3.jpg,
https://encrypted-tbn0.gstatic.com/images?q=tbn%3AANd9GcRbF2GUDPmi0OR7UjFgDPAx44dNt5bTWKbCPMqYJPhyk2s98sZq&usqp=CAU,
https://emblematic.co.uk/pub/media/catalog/category/z_-_misc.jpg,
https://di2ponv0v5otw.cloudfront.net/posts/2018/02/20/5a8cd7ea72ea88ae36caa957/m_5a8cd7f6daa8f65fc56158ad.jpg,
https://encrypted-tbn0.gstatic.com/images?q=tbn%3AANd9GcRR3lTMC8fFiOdHBJWIAHy5oYvMpU8Iajoc-WkliTAx9pRgNFaZ&usqp=CAU,
https://images.shippinglabels.com/img/lg/D/Misc-Items-Shipping-Packaging-Label-D1165.gif,
https://i.ytimg.com/vi/RDMM_7nuR1g/maxresdefault.jpg,
https://encrypted-tbn0.gstatic.com/images?q=tbn%3AANd9GcTaMEN4dphvy9_ls3ioJ3m3kF_MlTB4xr8MO6-QI9h7JnET_dMl&usqp=CAU,
https://i.ytimg.com/vi/NV9bHI4OzQs/maxresdefault.jpg,
https://lh3.googleusercontent.com/proxy/NqCKbrMEFsbbc4fxMo7trb3BqL05e6tLh6X_awuseraNNO6bLzm06tOdJEikpKcuEnUdpraJwxfBy2gSdiUDgyTQ1Ln0QfOtGZ-TgSavZw9pOW2MhgBZiBdpYRi0_dfqfz_l1-E,
https://apollo-singapore.akamaized.net/v1/files/dflvgctbjou63-IN/image;s=850x0,
https://lh3.googleusercontent.com/proxy/wU2X0l4UcS7Ptt1sV9yiQf9bSiZsAonWV296iFEXdekjPpwJ1QhKhhCyqWOxyAhROILPWb8hwhU8kLp7Uv66Fhm1JTraj3zRaMOnHgYpHFhNhbA,
https://lh3.googleusercontent.com/proxy/3IN1OpFDl57bZ4bbJiZHuEuoitjjE0ilnz_gUjsTSaNvASOU38A1cqtjDI7qvrEoV8d1_27lr6NkuP7Jk-rWBf8ZTAQUZE7SWGUUs1P6jsVQrI0,
https://encrypted-tbn0.gstatic.com/images?q=tbn%3AANd9GcQTU1ZRHQthzlR_3ghCnuRbjPEgYNbDoe-GWARaAUiE5tMLYPuR&usqp=CAU,
https://rhodeisland.aoa.org/Images/RI/Page%20Pictures/Website%20Images/Classifieds%20copy.jpg,
https://support.golfbusinesssolutions.com/wp-content/uploads/sites/2/2016/07/GEN-Misc-Items.png,
https://encrypted-tbn0.gstatic.com/images?q=tbn%3AANd9GcSykTLxrBIbV6II8DCmsJG9Oq6mr7gr15ehSAqOZ1rJqnXeENul&usqp=CAU,
https://docs.udesly.com/assets/shopify-mini-cart.png,
https://previews.123rf.com/images/bernardojbp/bernardojbp1501/bernardojbp150100207/35643195-hand-drawn-vector-illustration-or-drawing-of-some-misc-items-or-objects.jpg,
https://encrypted-tbn0.gstatic.com/images?q=tbn%3AANd9GcS9WIutuOr24EX1fQzf3LWSD9UxqJChZXq8VWerQFLpQ5L5SjcU&usqp=CAU,
https://i.pinimg.com/originals/3f/7f/77/3f7f7776a704a6c5e6ecf5c643417261.png,
https://encrypted-tbn0.gstatic.com/images?q=tbn%3AANd9GcRcv_lhSakU6VrbwktrZl_GD1ckvJL2Yt9_PWz2HlI75j0R61lm&usqp=CAU,
https://swap-o-rama.com/wp-content/uploads/2017/06/Melrose-Vendor-Misc-Items.jpg,
https://encrypted-tbn0.gstatic.com/images?q=tbn%3AANd9GcSRggna8ajZupGr99ecpICdLVaBQcyRKxDTtvITokUYiSZKOQM7&usqp=CAU,
https://www.eqmagpro.com/wp-content/uploads/2018/07/Repair-Maintenance-of-Solar-Water-Heater-Chloronome-Plants-Valve-Pits-and-misc-items-at-Sector-A-under-GE-Utility-Ambala-Cantt.png,
https://mlrpackaging.com/content/images/thumbs/0001725_misc-items_550.jpeg,
https://encrypted-tbn0.gstatic.com/images?q=tbn%3AANd9GcRE0kgTXfjZR8AfYKJz4agrHw_4pLpvQUo0dn1No4u7ZzTFUuxg&usqp=CAU,
https://encrypted-tbn0.gstatic.com/images?q=tbn%3AANd9GcQ_0QY23hzxmhzL8PmCU6O0K8swEENsBljrIzTVqJ1oNiH5S1rn&usqp=CAU,
https://encrypted-tbn0.gstatic.com/images?q=tbn%3AANd9GcSh43bj--zjIQ8gXUc43HDOkAIXhPcNpeAIYtYUY1bn1YDXqHEP&usqp=CAU,
https://encrypted-tbn0.gstatic.com/images?q=tbn%3AANd9GcSXYrNjwtPcFh7swjOM_3kfsgCECsMf-JU6fwHH_cHynlxIyimy&usqp=CAU,
https://fscomps.fotosearch.com/compc/CSP/CSP436/misc-items-b-clipart__k24900103.jpg,
https://i.pinimg.com/280x280_RS/19/e5/12/19e5125eee7a1c8a40aab57fb07bf7d6.jpg,
https://encrypted-tbn0.gstatic.com/images?q=tbn%3AANd9GcS87Kcitpr5e1gN_j4yMJocVtayXwE8HOI8Cnvq_3Dx6mreinus&usqp=CAU,
https://encrypted-tbn0.gstatic.com/images?q=tbn%3AANd9GcQKd1-A9d43VaAFfj1RGjshlOgjJOo3s2BCSlGdGhyBvfeAIXkV&usqp=CAU,
https://encrypted-tbn0.gstatic.com/images?q=tbn%3AANd9GcR8IQ1QINH0U9BQaIRxVsfV9mgHKmWpTahuO8YYooomr5A_uMAx&usqp=CAU,
https://encrypted-tbn0.gstatic.com/images?q=tbn%3AANd9GcRNaLcfIV2A6hewM37KeLbweBLuQcCAN59g6CwDwaXH79D5U_A2&usqp=CAU,
https://i.stack.imgur.com/3wEpe.png,
https://encrypted-tbn0.gstatic.com/images?q=tbn%3AANd9GcRXvi-d64y-NtTpwV1HRd8A1R3l4u6kWhQjb9G36amS_0aqPAGy&usqp=CAU,
https://encrypted-tbn0.gstatic.com/images?q=tbn%3AANd9GcRV-ywxl1l9k_LqEfehEoNWeHmsD18VqUou_pMmO7pSA7nt3Py5&usqp=CAU,
https://imgv2-1-f.scribdassets.com/img/document/319833783/149x198/65c60fb39e/1544558367?v=1,
https://www.thetenders.com/Images/SectorImages/SectorImage_43.jpg,
https://rcsshows.com/images/catalog/registrationCounter.png,
https://media.cheggcdn.com/study/4e9/4e94c575-0036-4e88-ad7d-742586f42af4/image.png,
https://encrypted-tbn0.gstatic.com/images?q=tbn%3AANd9GcRGQ14FXplSXKt123Ae_u1CAYms1axxZHgXezlzxY4dy4E7E1AN&usqp=CAU,
https://encrypted-tbn0.gstatic.com/images?q=tbn%3AANd9GcREP540uFbg2HMMbzRsy7BZqlt62qMRJ29AhmbZyxu4hA2lXUGr&usqp=CAU,
https://encrypted-tbn0.gstatic.com/images?q=tbn%3AANd9GcQDR22uiOd__ZwFhaXdlcYcpRMoTSKf2UDM6GlgZMiOhPpjCeK5&usqp=CAU,
https://image.shutterstock.com/image-vector/misc-items-600w-239897557.jpg,
https://lh3.googleusercontent.com/proxy/ddkHg7F1Pa4zbBTR1pOR3bcNHHmL5LH14T2cLJuRs9hZRrjSeZZv5bXVYH1Fu-TnOwO23PCzaPv_eV2zIsgtFJcz1NYELeRB2jY9G_RZg-eskQ,
https://www.thepackaginggroup.com/media/catalog/product/cache/4b15b4ee234207b7a88a239209b041db/9/0/907475ad90fdfb831b3d68890fef7e8ecea81d9a_706qk_vtczpcmivzcqscowweuj.gif,
https://encrypted-tbn0.gstatic.com/images?q=tbn%3AANd9GcSW7MJLmRMaLL7foMxVZsnXlDkqVYReIKUfAcvQr74_zaEON67C&usqp=CAU,
https://encrypted-tbn0.gstatic.com/images?q=tbn%3AANd9GcTy0zKDZg45UfnhK3Aois_xKr6eI4qvwe-fgeikjJcQFlANbkWs&usqp=CAU,
https://lh3.googleusercontent.com/proxy/2jwdtfmLvaBUKle-eRBGw-CpmKeW4FmFcwnj7n5thKCnbqUw4pbF6AiaGjPqiB-oSOgSyqry-hha2qji_KudSrFdlCCU_TkPjXE5lMHWsmyIsQ,
https://encrypted-tbn0.gstatic.com/images?q=tbn%3AANd9GcT47Cqpy0WoywO1TdGeirJiScXEjbeK0b3PHbt8S_RAA75QkcsZ&usqp=CAU,
https://i.ytimg.com/vi/iUaKBymkAZ4/hqdefault.jpg,
https://encrypted-tbn0.gstatic.com/images?q=tbn%3AANd9GcSTyRuEV4ghQ1Glv9niXMhMFNh-6OSnnv7wkB_wfzWCZuqWIC-Y&usqp=CAU,
https://lh3.googleusercontent.com/proxy/CfQHsjAxXwH_tzQA-jULoNNuVl4MNo6p81bUxLSa3VjAQO-Zzjwz-TPU-bGu8CeUdhXy3ISnB_7B-0xudwNJwizFku2JEz888GDbrBQUmjoAO3PD37khsYrYqv6jTpzextQp2Qk,
https://lh3.googleusercontent.com/proxy/DB2kO6ImRvlAar_qaS2XsmlOssVv3J9-kU9E49BXlb7t0giQ9Q3LQ9Mc0wNjADnjaC5P8U1B0dRB-kD5pSAGaPR6NQcHuwDZLtMo5I20Py3MdtAgnAeVcVI,
https://encrypted-tbn0.gstatic.com/images?q=tbn%3AANd9GcSkuzTxWYHTLQwX-8RfLCWBKm5vd8Fz5Q-MuTm9EHgGx2BSMrwN&usqp=CAU,
https://encrypted-tbn0.gstatic.com/images?q=tbn%3AANd9GcT8aQDiM3Y2ZW7ffWwJDm_rbYOoGwYsLX22h5u_NJ1ebE6dbPty&usqp=CAU,
https://www.thepackaginggroup.com/media/catalog/product/cache/4b15b4ee234207b7a88a239209b041db/1/2/12f5958dc75db365ccc23a82b6f2f77063804c08_706qk_nqqumegibojozegmjlwg.gif,
https://encrypted-tbn0.gstatic.com/images?q=tbn%3AANd9GcR5ZVDXcMgpYP8l3dyj5_P4hNv_v87z6gfOTkdRO-H_TnJz-YBz&usqp=CAU,
https://encrypted-tbn0.gstatic.com/images?q=tbn%3AANd9GcQYN2wm1JhPhs6RCtmixx7uTA2ymIcl2ciu1SOe623SV2G0FN8Z&usqp=CAU,
https://i.ytimg.com/vi/-jsShvkrv8w/maxresdefault.jpg,
https://www.thetenders.com/Images/SectorImages/SectorImage_32.jpg,
https://img.yumpu.com/19416331/1/190x245/regarding-old-scrap-unserviceable-misc-items-for-e-auction.jpg?quality=85,
https://comps.canstockphoto.com/misc-items-a-image_csp24900274.jpg,
https://encrypted-tbn0.gstatic.com/images?q=tbn%3AANd9GcT3K-mgfMNPtboXDs7EhJptopETozpIICpyi_IEauYVSTRlBJPR&usqp=CAU,
https://encrypted-tbn0.gstatic.com/images?q=tbn%3AANd9GcSqa-lmTmonTgyvdNlYmKGN0gww_TXMLENcLYhsDfsbNwXQGg7n&usqp=CAU,
https://encrypted-tbn0.gstatic.com/images?q=tbn%3AANd9GcRYVH4uKe1n4Ca_Qqmy3DHkIghIuTMaH4CcDMLcuQnjMKVMuXEy&usqp=CAU,
https://i.pinimg.com/originals/c3/b0/3b/c3b03b6257fce53931d73b44a3655583.png,
https://encrypted-tbn0.gstatic.com/images?q=tbn%3AANd9GcRAAB0i9-jNypMasV7hF4JikXkiFcpK9afUSm445LchbIjJj_DW&usqp=CAU,
https://lh3.googleusercontent.com/proxy/7IdByxoOewkh3AjcUTzZBOOPj4jVmAjO406NzhvppyK4c0KZR7GZeo_rM0CRCBuOObCyACzciGe8X6tVg579qlZhSDdcAKH3whdW4TPhpiES7Trima5avoCyHotzlKeDvaMwzdQ3hj_caDS8zKBDkMppDUItDlUeI9ba2HyaRLvMK2wxz4GPLCsC_w_aACjjkPxJty82Jk1V,
https://encrypted-tbn0.gstatic.com/images?q=tbn%3AANd9GcTIe5DjF5HWGLTi_fUCXoeTQVbf0tGvyCTT3Miy3bRwHhPsL3id&usqp=CAU,
https://img.yumpu.com/19416401/1/500x640/regarding-old-scrap-amp-unserviceable-misc-items-for-e-auction.jpg,
https://encrypted-tbn0.gstatic.com/images?q=tbn%3AANd9GcTh1gtvQxGvCUrbA9blLNrBRlD9xAi3uP7BmwskRlqLoY1Q5EgN&usqp=CAU,
https://lh3.googleusercontent.com/proxy/9jgSwsZ2RQ-VwkVV-leiKE2v8FBz-Q8HveG1UUbeUdqe_aR6tbTeZhoI8BCvlYMifSik-RWUxmAosb6fU8ErVLvLY_LlpwUblUwDLQ-6Cp-jv0shvMMRD_OP1TuvLjNGQQ593r0,
https://www.pdffiller.com/preview/38/474/38474883.png