images_url,https://lh3.googleusercontent.com/quyybDM-YrCZYNy31RsjSFNwQnjZk641YsS3mbOMMbNsAlCKdxvAKH_47AdDsyCkd3AXMkdT5A=w640-h400-e365,
https://upload.wikimedia.org/wikipedia/commons/thumb/2/28/Eight-step_random_walks.png/220px-Eight-step_random_walks.png,
https://encrypted-tbn0.gstatic.com/images?q=tbn%3AANd9GcQrxYeyNNHK9T6KsoNFqK3QumFkq9d1Kr1Y6D1Jn0_DHB1IbHeb&usqp=CAU,
https://upload.wikimedia.org/wikipedia/commons/f/f2/20-gon-dissection-random.svg,
https://encrypted-tbn0.gstatic.com/images?q=tbn%3AANd9GcTR8gXmAqqEaW-6yA9w4NU7MMvK4oXR1_68Jq1v727yiyBY-BxM&usqp=CAU,
https://encrypted-tbn0.gstatic.com/images?q=tbn%3AANd9GcSswMYyHzs7pAT1jtPLPgxT1NaBKOVP5byyZwaS1KPhfDqnpscP&usqp=CAU,
https://encrypted-tbn0.gstatic.com/images?q=tbn%3AANd9GcQ485la4lxzUuw-jVMrKJ98O1-gJrtax9uu4AeFEWAd25Gs-kuI&usqp=CAU,
https://original-content.imgix.net/2017/05/Hair_Weird_Places.jpg,
https://encrypted-tbn0.gstatic.com/images?q=tbn%3AANd9GcQkCr9BQuj54EH9oNnlQIEzYhWu0NBHpNk736lphDB8R28yFoJi&usqp=CAU,
https://i2.wp.com/squareholes.com/wp-content/uploads/2020/02/random-colours.png-800.jpg?fit=800%2C445&ssl=1,
https://upload.wikimedia.org/wikipedia/en/0/0c/Random.org_screenshot_2009-10-23.png,
https://encrypted-tbn0.gstatic.com/images?q=tbn%3AANd9GcQzv2KVj9CuGIiiL6S7U1Klj93INc7ZRPX69uUxExiHDiQdeqTh&usqp=CAU,
https://encrypted-tbn0.gstatic.com/images?q=tbn%3AANd9GcTfYRDGeBHA7TBg0mvtcgCxmhn250FvZd5sD6n50LHrm8Q13KY3&usqp=CAU,
https://encrypted-tbn0.gstatic.com/images?q=tbn%3AANd9GcTSdUwiAupgjvzjK8bL0hq0COWKgr2NU_ojMOkIP4x090eINx6L&usqp=CAU,
https://images.ctfassets.net/cnu0m8re1exe/2AL3FwP145eJrIPpDCzBiC/0948a812c1d1ec72aec839b6c9b1e2d1/shutterstock_687841828.jpg?w=650&h=433&fit=fill,
https://learnappmaking.com/wp-content/uploads/2018/06/random-numbers-swift-770x400.jpg,
https://encrypted-tbn0.gstatic.com/images?q=tbn%3AANd9GcQeEvVCg3tDsK7THweCw6FeW5OCXU56KYi67aeu6g3O1BQRaekL&usqp=CAU,
https://encrypted-tbn0.gstatic.com/images?q=tbn%3AANd9GcTm21qAIMyyYNvOMP9KtVh3pXcjCCDp0nLRekNwOivkjojp7sqs&usqp=CAU,
https://encrypted-tbn0.gstatic.com/images?q=tbn%3AANd9GcTcckQJnZ41FfdJYHJOoRGWnLQ_KxAJrJTQE7Kaw8kcuCfzC0pV&usqp=CAU,
https://www.online-stopwatch.com/images/name-picker-wheel.png,
https://lh3.googleusercontent.com/proxy/zn5z4RfxiV7AVAkrMFUd6N43TsqOstE31g8SF4b21XQK4ztOwDQlusbH2307b5-guviuEQc34e_4qP6DZViccX3ts5UCOSwDKU398M33GwAwc61rKDJaDagfM1zpk3hQf89DrKB7ocotnlNDWJM2WYACTTxjyjo,
https://encrypted-tbn0.gstatic.com/images?q=tbn%3AANd9GcQGkQFhPjwX29H1jKDtSwoIniByg0WVe8-UoWNSeDTOU4_Uq_IL&usqp=CAU,
https://ps.w.org/advanced-random-posts-widget/assets/icon-256x256.png?rev=2046099,
https://cdn.wame.chat/app/uploads/2019/11/randomphone-itemx2x.png,
https://encrypted-tbn0.gstatic.com/images?q=tbn%3AANd9GcSSHalTJFl4ZEyk4i0889DHbkQrIn2Xy8JBwHGnJ0jz6_Sb5r2G&usqp=CAU,
https://d2r55xnwy6nx47.cloudfront.net/uploads/2016/07/RandomShape_Lead04.gif,
https://ichef.bbci.co.uk/news/720/cpsprodpb/37B5/production/_89716241_thinkstockphotos-523060154.jpg,
https://encrypted-tbn0.gstatic.com/images?q=tbn%3AANd9GcRsE6emhUECNxyqCMg6-rBPueG7895QrBNmUxyx6CGnC0GnVw-f&usqp=CAU,
https://encrypted-tbn0.gstatic.com/images?q=tbn%3AANd9GcQwRMJ--o3AKkkOykYwNfx7pigVSE9utU3IiksTqKuL6cyWQgB_&usqp=CAU,
https://encrypted-tbn0.gstatic.com/images?q=tbn%3AANd9GcRnhhj_9CVW-5OMQ5pzFz8goPz9FlDz1f6mJ0aLK-dYK1NYHVs6&usqp=CAU,
https://www.math.utah.edu/~pa/Random/fig3.gif,
https://encrypted-tbn0.gstatic.com/images?q=tbn%3AANd9GcS4foxNToPJURB5LsP48bpqvOXJ-p1OPiADi3V2vFzy0ssa2-OM&usqp=CAU,
https://miro.medium.com/max/4548/1*B7d5Fr27lsH3uHvzF720IA.png,
https://encrypted-tbn0.gstatic.com/images?q=tbn%3AANd9GcRiAESpqi-fGJueWdMUi5oTugcsPF7uCLHpoE6j3muRoYNg4OOn&usqp=CAU,
https://encrypted-tbn0.gstatic.com/images?q=tbn%3AANd9GcSdStf-CP17td731BUaQXsFd8eww4ZRyz7eZVGnVgqAatvCyZmB&usqp=CAU,
https://files.realpython.com/media/random_data_watermark.576078a4008d.jpg,
https://encrypted-tbn0.gstatic.com/images?q=tbn%3AANd9GcQRvbS2XU-tAhrQ9yIAhsunCtVWQiHEejf-jVPSd6a_k4hVjs56&usqp=CAU,
https://encrypted-tbn0.gstatic.com/images?q=tbn%3AANd9GcQiQDYx3yOEcIHE5CA0szjh5ekUrvsQND9jskeJsO-LnhG5TjyD&usqp=CAU,
https://encrypted-tbn0.gstatic.com/images?q=tbn%3AANd9GcRAv69sKDtDAxT3HtJEOH-rgn0GQ3JLMSnOCBhvihAyivCsymzh&usqp=CAU,
https://encrypted-tbn0.gstatic.com/images?q=tbn%3AANd9GcQ1PuPzNF71xm4jaG2HHhPEustbHWYEDP8MIayeppBzzFdRhM_e&usqp=CAU,
https://pmctvline2.files.wordpress.com/2019/04/20190418_133805-668x325.jpg?w=600&h=292,
https://encrypted-tbn0.gstatic.com/images?q=tbn%3AANd9GcQorq2sGx4ab298Mta_m_JkZzb4wLxkbz054WkIWyir8ZoP2Cke&usqp=CAU,
https://www.pngfind.com/pngs/m/2-24642_imagenes-random-png-cosas-random-png-transparent-png.png,
https://cdn.journaldev.com/wp-content/uploads/2017/11/Java-Random-Class.png,
https://encrypted-tbn0.gstatic.com/images?q=tbn%3AANd9GcQMwhmvQuf7iwxDK4V6x9ZCf8malGwyzqG5eaPwK93mkLj-MXYo&usqp=CAU,
https://www.computerhope.com/jargon/r/random-dice.jpg,
https://encrypted-tbn0.gstatic.com/images?q=tbn%3AANd9GcRvagWVGs8hhoRyaEuQMwbhxU7swkZBGKMvK9Cv3a9SLCHTXNO-&usqp=CAU,
https://img.wonderhowto.com/img/60/43/63639086765260/0/use-secgen-generate-random-vulnerable-machine.1280x600.jpg,
https://encrypted-tbn0.gstatic.com/images?q=tbn%3AANd9GcT_siMjDqoqBjThyVAopAkHmXCu_D0tLqPYjF4BdGkGSm7zKQbT&usqp=CAU,
https://encrypted-tbn0.gstatic.com/images?q=tbn%3AANd9GcS3GqrpCEqFyosxHcCvnfDuBRMN56YUx3IyivcZVBNvA1m0OqHX&usqp=CAU,
https://encrypted-tbn0.gstatic.com/images?q=tbn%3AANd9GcSXXCOeVdDY4QVUncMghRjiS4oARdFVeEm3dJlatjO38jWHD42h&usqp=CAU,
https://encrypted-tbn0.gstatic.com/images?q=tbn%3AANd9GcTcIsvjiUdZcvk-dy56U3chrpsnWDBYt6x_lZeTXpIE7c_P807D&usqp=CAU,
https://img.etimg.com/thumb/width-640,height-480,imgsize-112868,resizemode-1,msid-65872040/random-sampling.jpg,
https://image.architonic.com/img_pro2-4/145/9788/random-2-b.jpg,
https://media.graphcms.com/resize=w:1355,h:563,fit:crop/output=format:webp/compress/KUgZm8MXTDS8A1fgIz9u,
https://encrypted-tbn0.gstatic.com/images?q=tbn%3AANd9GcSnN8t1UlN_k-joKGVzMajNlmvDfi51rUC8i4O_wQamQeGEh6x_&usqp=CAU,
https://encrypted-tbn0.gstatic.com/images?q=tbn%3AANd9GcRyx1B5m8NCoeTtu83e5mJ4n2VYjLmkuEZDTVG2aI7_3Xi9bsDO&usqp=CAU,
https://encrypted-tbn0.gstatic.com/images?q=tbn%3AANd9GcRPL4jacx4X7FkZqkl4IOyrMt0gMguX7Netez3Ue25NYvmedrrz&usqp=CAU,
https://i.pinimg.com/originals/3e/76/e8/3e76e8efd1d0baba920b9de17cf2a08e.gif,
https://encrypted-tbn0.gstatic.com/images?q=tbn%3AANd9GcTq57SztzsuXuIacpUemfqkB5rHA3JM0z4Z7YeULGFrY0IFn84K&usqp=CAU,
https://pbs.twimg.com/profile_images/378800000636806304/5b032055504cd08a4c07979589d0710d_400x400.png,
https://encrypted-tbn0.gstatic.com/images?q=tbn%3AANd9GcTLoz65oISeH3lp07eBJTkpo5jqud-pI7ID9kngy3d-MI8Ewnal&usqp=CAU,
https://miro.medium.com/max/7566/1*FnJEebqEiygosN-o36rsdQ.png,
https://encrypted-tbn0.gstatic.com/images?q=tbn%3AANd9GcS38XBG8kOcS-MbEf6SdAlCfDVkzIJT0yay9ne1VACNSLlFxKQR&usqp=CAU,
https://encrypted-tbn0.gstatic.com/images?q=tbn%3AANd9GcQGE-dhij7-TQskKuj0Aw85a2Zf8JdahrpGKGXM--aUJLxtSaqD&usqp=CAU,
https://miro.medium.com/max/960/1*aXW_00lLrZn0_V4ytKoQUw.gif,
https://upload.wikimedia.org/wikipedia/commons/e/ec/RandomBitmap.png,
https://encrypted-tbn0.gstatic.com/images?q=tbn%3AANd9GcS7K_D2k7un1nTb7IebWHICwXn1H75Fgqcn-GqFr6XoxrdCpwsv&usqp=CAU,
https://www.w3schools.in/wp-content/uploads/2014/07/c-random-numbers.jpg,
https://encrypted-tbn0.gstatic.com/images?q=tbn%3AANd9GcRxl5ufc54Fv1Qfbif24NgmJyhV4sBKvUDo3Il_jIidR0VBfmmo&usqp=CAU,
https://encrypted-tbn0.gstatic.com/images?q=tbn%3AANd9GcRkDxNPCnzawZEaqIhwFhN85BB0DwzECtF3qFetFVBwF_ylzGfk&usqp=CAU,
https://encrypted-tbn0.gstatic.com/images?q=tbn%3AANd9GcQ6mVOv7OYJWqWR4HgsAqcTQH1hP4kBd6jDddRRpNU-FEGTaOyW&usqp=CAU,
https://encrypted-tbn0.gstatic.com/images?q=tbn%3AANd9GcQpGXu_6ZQBCgSkhR7aL9Yp9ywFqtG6OKjtJ33Rjc4S5UuBE4y9&usqp=CAU,
https://encrypted-tbn0.gstatic.com/images?q=tbn%3AANd9GcQNEyGIu6wNOurI3uTO_zSXUgoF5pGYstNUEfUx8Yr6wRcSrA70&usqp=CAU,
https://www.howtogeek.com/thumbcache/2/200/d7816681aff5e55096f6b826fcc488c3/wp-content/uploads/2014/02/dice-random-numbers.jpg,
https://encrypted-tbn0.gstatic.com/images?q=tbn%3AANd9GcSowXBQ8s-iXWEAM-BcjpXJzKC097OVbIxXzvtTsk86_LWofKtS&usqp=CAU,
https://encrypted-tbn0.gstatic.com/images?q=tbn%3AANd9GcQkqEqu2Bg0wViE-YvTeVKhsXL1ZVO0eJuKQZwtQ97m1wYxGTUE&usqp=CAU,
https://encrypted-tbn0.gstatic.com/images?q=tbn%3AANd9GcQ6Sh1XXzy82qolXSYHOlCPMHUHeg1O5O-GQqVGrcxwZ2n3R4Ec&usqp=CAU,
https://encrypted-tbn0.gstatic.com/images?q=tbn%3AANd9GcTd1CZYlEtUFZ4c4ROWsHQDmpcY6zyR9hLgu20UteuXEXr0HaDO&usqp=CAU,
https://i2.wp.com/www.regendus.com/wp-content/uploads/2019/09/Spotify-Shuffle-Not-Random.jpg?fit=1289%2C693&ssl=1,
https://lh3.googleusercontent.com/GYkk7plD16rdZJpKuCnC9tlsFj4PuISL-FHzeUN5g2vk7pBpdiy-c5H11baSMYJIHO2-VCK2w_s=w640-h400-e365,
https://encrypted-tbn0.gstatic.com/images?q=tbn%3AANd9GcSO-oRUNdV8sVEzpb5cI7MlO9fkAIMLdfzrXJE9xwl4Fp1CCumf&usqp=CAU,
https://encrypted-tbn0.gstatic.com/images?q=tbn%3AANd9GcRkL1bQFhTGJQU4IwuX4puSFWBOxQVVXAFG8-0xB8qWCM_OadXh&usqp=CAU,
https://encrypted-tbn0.gstatic.com/images?q=tbn%3AANd9GcQfn9Zxs8HAWMGXQjdH4oFfkTXopdH3oU1ZbQL_ztB_10u-mcmP&usqp=CAU,
https://honingds.com/wp-content/uploads/2018/09/python-random.png,
https://www.hackingwithswift.com/uploads/matrix.jpg,
https://i.ytimg.com/vi/kFZA8Cxg4Tg/maxresdefault.jpg,
https://encrypted-tbn0.gstatic.com/images?q=tbn%3AANd9GcR25LHJT9bOHPeKNIqMLU4fsetWYG_D_rz5a-Eg9MuZbax9-Xhk&usqp=CAU,
https://miro.medium.com/max/5000/1*1BUIofZgqVuR6nj8LbrRtQ.jpeg,
https://encrypted-tbn0.gstatic.com/images?q=tbn%3AANd9GcSc6Du00nQoBS7jfnQP1JkCdkDrdqHNfO4eICHf_DT-fjyG-9GA&usqp=CAU,
https://encrypted-tbn0.gstatic.com/images?q=tbn%3AANd9GcRS3UDtXgqX7SucQLPGCQJ_HOX7zVNXkQSAAsMM5dFG7bleBe9v&usqp=CAU,
https://encrypted-tbn0.gstatic.com/images?q=tbn%3AANd9GcQH7OEeog8Oddw2BFXix75UxiquSlqPH8ZBaayZABMmBBrl5X8j&usqp=CAU,
https://encrypted-tbn0.gstatic.com/images?q=tbn%3AANd9GcRsGTGh1rEItCgZXjqius3AzDrQ2DteZqQkTokeh4d7RSo8vXpn&usqp=CAU,
https://i.pinimg.com/originals/39/8a/c0/398ac0b0a81cb5124c7c7ae3cda9744d.png,
https://i.ytimg.com/vi/fL3QqgK3UYg/maxresdefault.jpg,
https://encrypted-tbn0.gstatic.com/images?q=tbn%3AANd9GcQ1659i7CEmZ24RP6TvElENpch5z1y7eL3UgyQCs-XwwycGVkZN&usqp=CAU,
https://encrypted-tbn0.gstatic.com/images?q=tbn%3AANd9GcRToJ8InrgYCsqGa7f6_D3uljlWHz6gW5hjCwrZYUHKjun-umyz&usqp=CAU,
https://i2.wp.com/syncedreview.com/wp-content/uploads/2017/10/Screen-Shot-2017-06-10-at-11.11.43-AM.png?resize=1344%2C580&ssl=1,
https://encrypted-tbn0.gstatic.com/images?q=tbn%3AANd9GcS9VdAbGn163NF-VndzZGhFPXqjG9tIJi0jk1SyR6W2FnSiWbCX&usqp=CAU,
https://www.random.org/analysis/randbitmap-wamp-section.png,
https://encrypted-tbn0.gstatic.com/images?q=tbn%3AANd9GcRBaavOOqELCi9Oj6JDcl2YrRzR9_X19Ww2qycsxcB95FPkGdfv&usqp=CAU,
https://encrypted-tbn0.gstatic.com/images?q=tbn%3AANd9GcSp3XnI81TCZrnC_NgTWg5WMYB1ZO_h18Z0qNPxe4nfOEOgO50J&usqp=CAU,
https://encrypted-tbn0.gstatic.com/images?q=tbn%3AANd9GcRAIXdqz4xlUWFQ8q9ghkZPlQ7qC8F594aNfGYhMwNfnNUnDg8R&usqp=CAU,
https://cdn-tkor.inkedbrands.com/files/TKOR_Home_Page_Banner_Logo.png,
https://encrypted-tbn0.gstatic.com/images?q=tbn%3AANd9GcQxBJelGfRp-U2ck7tSQI0ATY_R8RC7QICl30FG_kRrwn2bfF1D&usqp=CAU,
https://encrypted-tbn0.gstatic.com/images?q=tbn%3AANd9GcQ4zu2cifHYtCVgav1jqzclSBW1AuslrdYH0m9xuVC8sUyj8YVt&usqp=CAU,
https://i.ytimg.com/vi/ldLKs8VOi3E/maxresdefault.jpg,
https://encrypted-tbn0.gstatic.com/images?q=tbn%3AANd9GcSB1G0_MZrljLSj2aV95xuqAD-bbdwmXL3qIsNxg5rGa__s7Asn&usqp=CAU,
https://encrypted-tbn0.gstatic.com/images?q=tbn%3AANd9GcRV1wM5GvZofgiQJb4IRkkyI0L2e6EE1UFDhWGTVSR238wb-9nk&usqp=CAU,
https://buyinstagramfollowers.org/blog/wp-content/uploads/2018/03/Ekran-Resmi-2018-03-31-00.50.58.png,
https://encrypted-tbn0.gstatic.com/images?q=tbn%3AANd9GcQO0Nj7wTlwNbv2bb5yIcb_zRm5WCERykPH3TmtTYSKaW8hTBNi&usqp=CAU,
https://encrypted-tbn0.gstatic.com/images?q=tbn%3AANd9GcTpAsg5o1KUtBH6cCeBEBDQobtz-UDyw_LKkVyKtoCd-N92eegm&usqp=CAU,
https://cdn0.tnwcdn.com/wp-content/blogs.dir/1/files/2019/06/2019-06-144-796x423.png,
https://encrypted-tbn0.gstatic.com/images?q=tbn%3AANd9GcTbpL17iIsm07rFSJNUOoWVec9zjmPRbESBZ6EwQYEah-J5HETb&usqp=CAU,
https://miro.medium.com/max/4096/1*pXhfrba2zYTHsI_korMqmQ.png,
https://www.rubyguides.com/wp-content/uploads/2015/03/ruby-random-numbers.png,
https://encrypted-tbn0.gstatic.com/images?q=tbn%3AANd9GcQbRjnumzn6ooXzg07o9Gfza4mECztY7FP4oOlDtq_PQz5mKiwS&usqp=CAU,
https://encrypted-tbn0.gstatic.com/images?q=tbn%3AANd9GcRPE4UD-4hr-kt2W1DtIXLa34fnuCSMWjx5hOBrSd-hIlZsMvPo&usqp=CAU,
https://miro.medium.com/max/2320/1*t_G1kZwKv0p2arQCgYG7IQ.gif,
https://daily.jstor.org/wp-content/uploads/2019/05/the_quantum_random_number_generator_alt2_1050x700.jpg,
https://encrypted-tbn0.gstatic.com/images?q=tbn%3AANd9GcSynKMu5ojbWqGnY_qzklammDdma4hDLxouGdO_NGHYteRtQuOq&usqp=CAU,
https://az779572.vo.msecnd.net/screens-800/699482d90e64483497fd4e5bb138290b,
https://www.global-business-school.org/sites/default/files/random-input-method.jpg,
https://encrypted-tbn0.gstatic.com/images?q=tbn%3AANd9GcRA5l14t7FYyjuh2-eh8uX1sfWnUQIWsbBNVIRFX0YIHw4c2gXu&usqp=CAU,
https://data-flair.training/blogs/wp-content/uploads/sites/2/2018/08/Generating-Python-Random-Numbers-01.jpg,
https://vignette.wikia.nocookie.net/psychology/images/6/6a/Random_digits.png/revision/latest/scale-to-width-down/340?cb=20070307093550,
https://encrypted-tbn0.gstatic.com/images?q=tbn%3AANd9GcSPqEyXSQ7BFvq25GYp3HcLgvJCFOV3wRQL4gFlBBA8z7h3TwZb&usqp=CAU,
https://apps.who.int/medicinedocs/documents/whozip14e/p06.gif,
https://encrypted-tbn0.gstatic.com/images?q=tbn%3AANd9GcRp_8frGqWD_BsMXBUekqOwDzehraXAkiWp9HYaC-XQjDqXiiii&usqp=CAU,
https://encrypted-tbn0.gstatic.com/images?q=tbn%3AANd9GcTl5WjdacynHcrh3F52wYeOybLblJSdNFL6Qgx2HhHg3Dn5SfV7&usqp=CAU,
https://encrypted-tbn0.gstatic.com/images?q=tbn%3AANd9GcTofxl3zbMH7d6AvgPPg1wkKl_r13t38JElTOVvNfGSP9WcImHN&usqp=CAU,
https://encrypted-tbn0.gstatic.com/images?q=tbn%3AANd9GcRokcKyIdcyzPdyWVNt6bdTlHYm6Ff-CCAOav1qALCyv4z-xgDM&usqp=CAU,
https://www.random.org/analysis/dilbert.jpg,
https://cdn5.vectorstock.com/i/1000x1000/11/09/hand-drawn-set-of-abstract-random-doodles-vector-20921109.jpg,
https://www.lifewire.com/thmb/h63Knl7K7_bHLoxa-HBWPIAxKTY=/2576x2576/smart/filters:no_upscale()/random-numbers-over-blackboard-166043947-57bb63065f9b58cdfd31d1fe.jpg,
https://www.random.org/analysis/randbitmap-rdo-section.png,
https://vitux.com/wp-content/uploads/2018/06/linux-password-1024x512.jpg,
https://encrypted-tbn0.gstatic.com/images?q=tbn%3AANd9GcRzP_LLZCakCwTv-29NmrzU_FyHf3BM7c2LCimt8exBICNm8BDK&usqp=CAU,
https://encrypted-tbn0.gstatic.com/images?q=tbn%3AANd9GcSlfYBfmHfGncsdRXWvBW1NOCS8fIHZVwCXdFgQHkG3NJTu_WGd&usqp=CAU,
https://encrypted-tbn0.gstatic.com/images?q=tbn%3AANd9GcTnm8rxhYLDm-ZghLobWtG40uuMrJr8Hy0DwBT4QMP957Wy-SKF&usqp=CAU,
https://encrypted-tbn0.gstatic.com/images?q=tbn%3AANd9GcTPxtMTxeEsVrUhh3QveHr7LECnR3gZlg2Fs3xIFfG6Bhoh_-sn&usqp=CAU,
https://lh3.googleusercontent.com/proxy/KKapS1BFcA5T4_6hFOrQTu6Z_BKEECKMCUKcGfiHHBV-djlamhJwJDUcP_GsqciSO8N884_NChiSQyG-tE3Qtl_xQVKoL71QN_DT50mP3RXQRPxFsSuB5KtWj2-BzKy6ZMwJoyTSIOK8