images_url,https://encrypted-tbn0.gstatic.com/images?q=tbn%3AANd9GcSSFPQ--BN9RieW0f1KlYzmltl7Jwz9tCxDX2gOjp-pSFbJR6u_&usqp=CAU,
https://encrypted-tbn0.gstatic.com/images?q=tbn%3AANd9GcRLsz8t92DPsSRHyImzDq5cSTVUVRVXMjcgfwuhpUeNgnF_l0g8&usqp=CAU,
https://cdn.motor1.com/images/mgl/K6W31/s1/tesla-truck-render.jpg,
https://www.autoguide.com/blog/wp-content/uploads//2018/11/2020-Jeep-Gladiator.jpg,
https://encrypted-tbn0.gstatic.com/images?q=tbn%3AANd9GcRFCKqFKE5thVL3ou48BAx_hG69ste2gdYdOnY6JewLSFGS5EON&usqp=CAU,
https://robbreportedit.files.wordpress.com/2019/11/neurontrucks01.jpg?w=1000,
https://encrypted-tbn0.gstatic.com/images?q=tbn%3AANd9GcR-r_ZjSnXB6w1J-7eZokIxFeha8bNhNeY_HpPJrlkvQXnUmBln&usqp=CAU,
https://encrypted-tbn0.gstatic.com/images?q=tbn%3AANd9GcQgMkm7bIlvvcr08G4S08omEj4WhWKwux2Uh0WFqeDw5raMxefz&usqp=CAU,
https://cdn.motor1.com/images/mgl/2RpBB/s1/tesla-truck.jpg,
https://encrypted-tbn0.gstatic.com/images?q=tbn%3AANd9GcTmwKNDGo5RrV9eLOUkH8OHZ9smpWT2BXi_Op5M-VFuPdB7QFd2&usqp=CAU,
https://media.wired.com/photos/59371bdcbef1fc4e58f947fc/master/w_1800,c_limit/walmart-advanced-vehicle-experience-wave-concept-truck.jpg,
https://specials-images.forbesimg.com/imageserve/5d1cd08e4c687b00085babc0/960x0.jpg?cropX1=113&cropX2=2861&cropY1=378&cropY2=1924,
https://www.tatamotors.com/wp-content/uploads/2018/01/19065145/mhcv-construck.jpg,
https://encrypted-tbn0.gstatic.com/images?q=tbn%3AANd9GcQQiQNoRwxPKS1FTMAcL1oaHiEITjYhOmvVduVqGKnI9dtzdn9X&usqp=CAU,
https://www.ford.com/cmslibs/content/dam/brand_ford/en_us/brand/legacy/nameplate/trucks/20_FRD_F15_44280_2160x1440.jpg/_jcr_content/renditions/cq5dam.web.768.768.jpeg,
https://www.ford.com/cmslibs/content/dam/brand_ford/en_us/brand/legacy/nameplate/trucks/2160x1440.jpg/_jcr_content/renditions/cq5dam.web.768.768.jpeg,
https://encrypted-tbn0.gstatic.com/images?q=tbn%3AANd9GcTsa8o_Pssz629vSEuQmYbdk1lyoJgMipJqtgPKP_03yWqhN5GR&usqp=CAU,
https://encrypted-tbn0.gstatic.com/images?q=tbn%3AANd9GcQ9rekIzSm4f_A4NPZ_Z07kq48x7v9Vlyhd7nJd59Rq6Erm8aIR&usqp=CAU,
https://encrypted-tbn0.gstatic.com/images?q=tbn%3AANd9GcR58t0-3D5N7xj6H3MBPMl0o7qrpWQuOnA2G-3zDIJLcnyFdF4K&usqp=CAU,
https://encrypted-tbn0.gstatic.com/images?q=tbn%3AANd9GcTAhIATvPHNZi_3MGgL3wgt-CKHO4XTmgKiZADIYqe5foyWbQ5S&usqp=CAU,
https://encrypted-tbn0.gstatic.com/images?q=tbn%3AANd9GcSWGyueqqu8IQIzBz_8XtAJjJ8M29OQozlC3RM7H4i8vKHS9QS3&usqp=CAU,
https://cars.usnews.com/dims4/USNEWS/5238111/2147483647/resize/640x420%3E/format/jpeg/quality/85/?url=https%3A%2F%2Fcars.usnews.com%2Fstatic%2Fimages%2Farticle%2F201912%2F128348%2F2020-GMC-Sierra-2500HD-Denali-005_Cropped_640x420.jpg,
https://encrypted-tbn0.gstatic.com/images?q=tbn%3AANd9GcSjyLOCCtSQiT-nvCqYZyyjlk6L6JYL0qcHZJlUPXG1bT4W9GQ9&usqp=CAU,
https://encrypted-tbn0.gstatic.com/images?q=tbn%3AANd9GcTU4gihWjOutSSk_09UNZLDIilEbiwgKyPSGPgSl5P3BI-D2a8-&usqp=CAU,
https://h7f7z2r7.stackpathcdn.com/sites/default/files/images/articles/itechseth-column.jpg,
https://www.ft.com/__origami/service/image/v2/images/raw/http%3A%2F%2Fcom.ft.imagepublish.upp-prod-us.s3.amazonaws.com%2F6efbc0aa-2190-11ea-b8a1-584213ee7b2b?fit=scale-down&source=next&width=700,
https://encrypted-tbn0.gstatic.com/images?q=tbn%3AANd9GcTtQgV7J7TY5Tva4s847JUWkrq8ooymjfiqIwzoSJp_2RCsNmWS&usqp=CAU,
https://cnet2.cbsistatic.com/img/sDgDDwobcJv16J1kDGOtagdHCdo=/1092x0/2019/04/23/812d043d-8647-4b2f-a976-05f1fd4b5a74/toyota-h2-semi-ups-001.jpg,
https://encrypted-tbn0.gstatic.com/images?q=tbn%3AANd9GcSMNJ1wIGsDJD6qm0EYIV3NHUmjAJQpl2NbEKmwhn3f0ko0_LWX&usqp=CAU,
https://encrypted-tbn0.gstatic.com/images?q=tbn%3AANd9GcS9zrbExKXczfUomJWk8lWMFAUu7gbeA8qt88_gwLueYKLRWk9n&usqp=CAU,
https://i.ytimg.com/vi/kwNErJyRINo/hqdefault.jpg,
https://article.images.consumerreports.org/f_auto/prod/content/dam/CRO%20Images%202019/Cars/November/CR-Cars-Inlinehero-ford-f150-recall-1119,
https://encrypted-tbn0.gstatic.com/images?q=tbn%3AANd9GcRHXqjvgr7QliMtm0EXv7GOoKP4ZzMvWzyhtV8i_wkssVHM3BPC&usqp=CAU,
https://encrypted-tbn0.gstatic.com/images?q=tbn%3AANd9GcQMirohd9xuUihDelNvrViCn17KJ1OOfZEEY1BcZdM-l5E2MkGf&usqp=CAU,
https://encrypted-tbn0.gstatic.com/images?q=tbn%3AANd9GcRd4JpAImqILFGp89zOB6k3r-zC7RaR3I2n1_hfcJnkAqFTir6Y&usqp=CAU,
https://www.trucks.com/wp-content/uploads/2017/12/thor-trucks-road.jpg,
https://www.volvotrucks.com/content/dam/volvo/volvo-trucks/masters/press-releases/2020/feb/pr-2952-range/1860x1050-R2A8182.jpg,
https://encrypted-tbn0.gstatic.com/images?q=tbn%3AANd9GcSFucZjTYSH072VnuM_T2VfBIF4c6VvMYPtiyW_kYKHRFyJtERF&usqp=CAU,
https://encrypted-tbn0.gstatic.com/images?q=tbn%3AANd9GcRp9f9HBthx3l6LiRmKltUT0uJyZxa0xU0v7UlQvAOXZijScurx&usqp=CAU,
https://encrypted-tbn0.gstatic.com/images?q=tbn%3AANd9GcQaEEY2MagAwUOLBJaP7SEO5Tkb90hWEXpAXv_0z50Psrwqj4AW&usqp=CAU,
https://encrypted-tbn0.gstatic.com/images?q=tbn%3AANd9GcRcNC8AAsVK6FNPUkkthSwgPvSMVcKGcRLEU940F_sjcpb9zOfU&usqp=CAU,
https://encrypted-tbn0.gstatic.com/images?q=tbn%3AANd9GcRdIVeNfpjcNozIkZnmEynFa0ffH4q663YPRoIDNHUJxrpqV4pS&usqp=CAU,
https://base.imgix.net/files/base/ebm/powerelectronics/image/2019/03/powerelectronics_5848_etrucks_promo.png?auto=format&fit=crop&h=432&w=768,
https://encrypted-tbn0.gstatic.com/images?q=tbn%3AANd9GcQJow-ljspV59WQV--ao5aVv3ayfgkFQaBxyiGf_T4xr54Ur9Vc&usqp=CAU,
https://encrypted-tbn0.gstatic.com/images?q=tbn%3AANd9GcToDMzAvlAjQKGlz3O7XxIEJMHGzWx9n3BbuEmeskFs9zWGZhUe&usqp=CAU,
https://www.tatamotors.com/wp-content/uploads/2019/05/29092741/intra.jpg,
https://www.trucks.com/wp-content/uploads/2019/02/rivian-r1t-truck.jpg,
https://encrypted-tbn0.gstatic.com/images?q=tbn%3AANd9GcQHQEPjmmNhTqYlXnmgYcrqJTF9bxDzvbasipQy8K784wKYpQTX&usqp=CAU,
https://static.scientificamerican.com/sciam/cache/file/8C5C2921-133F-43A4-B7CBCCB74285B755_source.jpg?w=590&h=800&EB482BA2-57FF-456D-B20F0E611BD45297,
https://encrypted-tbn0.gstatic.com/images?q=tbn%3AANd9GcQSLi0KbQbFl9k0ELACUmDnznCddX7uzMjgoqbWePHBfHmyFNjt&usqp=CAU,
https://encrypted-tbn0.gstatic.com/images?q=tbn%3AANd9GcSUfDDBDrhCx8fetqWeq3G5DN-DuimCFI77SCMj9DMvP4GP0H8p&usqp=CAU,
https://encrypted-tbn0.gstatic.com/images?q=tbn%3AANd9GcSmoiHeC7DLMDDHJNYMmCB7ACwX9BGcrAW7mTT2zge7SKsOx2kK&usqp=CAU,
https://encrypted-tbn0.gstatic.com/images?q=tbn%3AANd9GcTFE9UdMceDEUdfSv8kuU5tO2-o6fpGtls2Z0da2OT0ghS4AcGt&usqp=CAU,
https://www.trucks.com/wp-content/uploads/2019/04/2019-chevy-silverado.jpg,
https://hips.hearstapps.com/hmg-prod.s3.amazonaws.com/images/nikola-badger-hero-cc6028e123f5166fd4db8af36e8faee32872bcad7d020758415aa8f52c6e4162-1581433930.jpg,
https://thumbor.forbes.com/thumbor/960x0/https%3A%2F%2Fblogs-images.forbes.com%2Fbillroberson%2Ffiles%2F2019%2F05%2FRivian-pickup-1200x736.jpg,
https://i.ytimg.com/vi/hRD36tkHcWY/maxresdefault.jpg,
https://www.volvogroup.com/content/dam/volvo/volvo-trucks/masters/press-releases/2019/dec/heavy-duty-electric-concept-trucks/1860x1050-electric-concept-trucks-image-1.jpg,
https://upload.wikimedia.org/wikipedia/commons/thumb/0/02/Ford_F-150_crew_cab_--_05-28-2011.jpg/1200px-Ford_F-150_crew_cab_--_05-28-2011.jpg,
https://encrypted-tbn0.gstatic.com/images?q=tbn%3AANd9GcRoXbbZDPUxUsv6_ZdugTOjQct3Gvo8lXhYNu9E5QpnLHXMidnO&usqp=CAU,
https://encrypted-tbn0.gstatic.com/images?q=tbn%3AANd9GcTlfmXqjii4QklH6wxB3hvq5KmTt2SMr86nEjiBN8seQCPsRe7f&usqp=CAU,
https://encrypted-tbn0.gstatic.com/images?q=tbn%3AANd9GcScFFyogGloJB7F6CEnqHGSMsSdmGTGIeEZPKGk1XSK-OO06S2M&usqp=CAU,
https://www.tatamotors.com/wp-content/uploads/2018/02/14130807/truck_buses_mob.jpg,
https://bsmedia.business-standard.com/_media/bs/img/article/2018-02/26/full/1519667670-7158.jpg,
https://encrypted-tbn0.gstatic.com/images?q=tbn%3AANd9GcRt7he0jj_6zVg-qLntUpHeiHieKD-Omae7MXjXeJJ-0vNXdHGk&usqp=CAU,
https://i.ytimg.com/vi/QJS5lGJchcw/maxresdefault.jpg,
https://encrypted-tbn0.gstatic.com/images?q=tbn%3AANd9GcSdi45YwYPTFcVANCDZhfBQasTS4vCeR2F3t5DV04oPdybKYV_s&usqp=CAU,
https://cvimg1.cardekho.com/p/630x420/in/tata/yodha-1700-bs6/tata-yodha-1700-bs6-1.jpg,
https://cleantechnica.com/files/2018/03/Caterpillar-Electric-Truck-1.jpg,
https://encrypted-tbn0.gstatic.com/images?q=tbn%3AANd9GcQ_7GAyOhHGRikTPvm9ADbYyGX0YCrQhWlGy9p5W251AyBPt9sv&usqp=CAU,
https://img.etimg.com/thumb/width-640,height-480,imgsize-496129,resizemode-1,msid-59779338/1.jpg,
https://encrypted-tbn0.gstatic.com/images?q=tbn%3AANd9GcQGd_rpq5OCunn213087FQIAbbjH7iRvV7zhykc-y1UPkN72Uvm&usqp=CAU,
https://cdn.motor1.com/images/mgl/e8JX6/s1/future-electric-pickup-trucks-worth-waiting-for.jpg,
https://www.mercedes-benz.com/en/vehicles/trucks/_jcr_content/root/paragraph_3_copy/paragraph-right/video/image/MQ6-0-image-20190403132718/04-mercedes-benz-powertrain-extra-heavy-off-road-application-1280x640.jpeg,
https://encrypted-tbn0.gstatic.com/images?q=tbn%3AANd9GcQWv7kzKL69ckZ39_h1bOS4d9djkFZvCSzvey8Wk6CCz45tCSla&usqp=CAU,
https://encrypted-tbn0.gstatic.com/images?q=tbn%3AANd9GcSqxz-KFFoS0EJw9eLmqwu-BC15dJPDdi2KoQ-PYJzWyqRFyl1x&usqp=CAU,
https://encrypted-tbn0.gstatic.com/images?q=tbn%3AANd9GcRcHFKesuj_89mSmbQTuCd9Aiaf60Yl_m-YN-5IdFiTIGTyRrKr&usqp=CAU,
https://images.theconversation.com/files/259987/original/file-20190220-148545-1tjfzvw.jpg?ixlib=rb-1.1.0&rect=0%2C453%2C5070%2C3142&q=45&auto=format&w=926&fit=clip,
https://encrypted-tbn0.gstatic.com/images?q=tbn%3AANd9GcTMZzaLKavbzJKZryZGj9Jcqxw0O_6xoa4YfN0JMgT8KtXaiY7V&usqp=CAU,
https://i.ytimg.com/vi/XeBAG8tt2Vw/maxresdefault.jpg,
https://img.etimg.com/thumb/width-640,height-480,imgsize-77424,resizemode-1,msid-63777478/mahindra-trucks-bus-division-breaks-even-after-eight-years.jpg,
https://cars.usnews.com/dims4/USNEWS/67606fd/2147483647/resize/640x420%3E/format/jpeg/quality/85/?url=https%3A%2F%2Fcars.usnews.com%2Fstatic%2Fimages%2Farticle%2F201904%2F128074%2F08_2019-Chevrolet-Silverado-004_Cropped_640x420.jpg,
https://encrypted-tbn0.gstatic.com/images?q=tbn%3AANd9GcR3xRkoJPr-x9HEIXpBcFbIN5i0KtteXEHq2gpKulheckorJIF1&usqp=CAU,
https://encrypted-tbn0.gstatic.com/images?q=tbn%3AANd9GcTGZFiNw1BNMy4gmAAIVeepXHNWHnPbRC4ffHfYZlpoipIruyMD&usqp=CAU,
https://upload.wikimedia.org/wikipedia/commons/1/11/Freightliner_M2_106_6x4_2014_%2814240376744%29.jpg,
https://encrypted-tbn0.gstatic.com/images?q=tbn%3AANd9GcRa-aIFFcacd-TO3-_e7ay5S5ztiHLlvpGLVq_Jy3oIhiXofXKs&usqp=CAU,
https://encrypted-tbn0.gstatic.com/images?q=tbn%3AANd9GcS9Qv59-REHRob9S4d8ChSSG03oru2JwYVBkkhAY19uQPmfAKt7&usqp=CAU,
https://h7f7z2r7.stackpathcdn.com/sites/default/files/images/articles/anheuser.jpg,
https://encrypted-tbn0.gstatic.com/images?q=tbn%3AANd9GcQxyQ7SctK07TxCSbPwZa_4uh8VN4MSMmmiojibe21exn6SJuGD&usqp=CAU,
https://encrypted-tbn0.gstatic.com/images?q=tbn%3AANd9GcRQ199XJuDxpmXuIMQlqaPimFePbLWb6Smy_r2EevteNiyu5tHl&usqp=CAU,
https://cleantechnica.com/files/2019/08/Freightliner-eCascadia-via-Daimler.jpeg,
https://encrypted-tbn0.gstatic.com/images?q=tbn%3AANd9GcT_hzuMCQZWVStCrQYS8ueeOaUOEwFH1Z7RAjRY3cKZf92dL-z2&usqp=CAU,
https://encrypted-tbn0.gstatic.com/images?q=tbn%3AANd9GcTP4Cc8xuzEvGVlty2GvkzdImTIaecdC90Rjqv2ssFp6LnwBEwB&usqp=CAU,
https://encrypted-tbn0.gstatic.com/images?q=tbn%3AANd9GcQubFY_ywdiloBAzkoCxjlCkeVJZfFVbtFzVx_RFSdp_bKArg8_&usqp=CAU,
https://encrypted-tbn0.gstatic.com/images?q=tbn%3AANd9GcRSKBSZVu6DmxcsDYR62AiHdHikHax3ZxTYKNmi4xqNpDbZinuC&usqp=CAU,
https://encrypted-tbn0.gstatic.com/images?q=tbn%3AANd9GcQmHujdfqRAO0VchFYp6FrpBnDLbALBL3vyGutfPBD3-IpLdWQQ&usqp=CAU,
https://img.etimg.com/thumb/width-640,height-480,imgsize-49394,resizemode-1,msid-59639705/mini-truck-sales-may-grow-after-three-year-hiatus.jpg,
https://encrypted-tbn0.gstatic.com/images?q=tbn%3AANd9GcSC4nhFJrXO_yTCS6oZngb4ZUnbI-hU465EyqZXippgiHF7mIu8&usqp=CAU,
https://encrypted-tbn0.gstatic.com/images?q=tbn%3AANd9GcQBF0-_oEh7JmRBs7CYRTqmyGcbT6cKirGRE1uX3HEr1_k7wwMa&usqp=CAU,
https://www.electrive.com/wp-content/uploads/2019/10/hyundai-xcient-brennstoffzellen-lkw-fuel-cell-truck-2019-01-min.png,
https://encrypted-tbn0.gstatic.com/images?q=tbn%3AANd9GcS2HTzw1qAiMc5uTaQxy3G5NifKXoMsO1WdzMcv_IzKJAoLjir_&usqp=CAU,
https://encrypted-tbn0.gstatic.com/images?q=tbn%3AANd9GcSgSrlTmDTa3jcladG9GAuhN2VHvIIYKY4gEFn_3s-viAxQ5NWv&usqp=CAU,
https://s29755.pcdn.co/wp-content/uploads/2019/12/122619-Used-Trucks.jpg,
https://media.wired.com/photos/5dd828ba9ac14a0008116983/1:1/w_2160,c_limit/Transpo_TeslaStoryOne_Cybertruck-5.jpg,
https://encrypted-tbn0.gstatic.com/images?q=tbn%3AANd9GcTXBqzZx2w_AcFu_pSuYR_MIvsg5EG0df6eoKJzQLPD_cvZbmIs&usqp=CAU,
https://encrypted-tbn0.gstatic.com/images?q=tbn%3AANd9GcS28RjzewmtNHlVWP8MBytaBOAx1nC6sco3bT6N-BNU7F91pkTk&usqp=CAU,
https://www.tatamotors.com/wp-content/uploads/2019/03/13071813/icv-truck.jpg,
https://encrypted-tbn0.gstatic.com/images?q=tbn%3AANd9GcRUIcFJql_KgwPmhZykAnhrmT_HzRq3l7BZ7AIC9LI654NTJEWE&usqp=CAU,
https://encrypted-tbn0.gstatic.com/images?q=tbn%3AANd9GcSzcy8YB8phiIBobHE4cVyG51YwfDSiA4ya27s1Tue2W6463NH6&usqp=CAU,
https://miro.medium.com/max/14650/1*uln03d1H6X0Y8iDgSXrQ3Q.jpeg,
https://encrypted-tbn0.gstatic.com/images?q=tbn%3AANd9GcS9o_PnPfmGxtdXaB-91xgr_n6sCnV-UybAe1sX3XJRO9AHcg4p&usqp=CAU,
https://img.etimg.com/thumb/width-640,height-480,imgsize-276632,resizemode-1,msid-65306936/volkswagen-group-owned-man-trucks-exits-indian-market.jpg,
https://cdn.motor1.com/images/mgl/bXwlM/s3/gmc-hummer-electric-pickup-truck-render.jpg,
https://encrypted-tbn0.gstatic.com/images?q=tbn%3AANd9GcS1ktqUOjrrTeYz0_DgdKkElO-HaEq8z6VJB8Zi1wxMBTUw0xCY&usqp=CAU,
https://encrypted-tbn0.gstatic.com/images?q=tbn%3AANd9GcTWTG77XncCvrS2RVfnmS6GGOmLuCIY1vLVb6tzrezX1uASqOQz&usqp=CAU,
https://cdn.motor1.com/images/mgl/nKMPE/s3/silverado-lead.jpg,
https://cdn.vox-cdn.com/thumbor/qcLrTL52Yg2EREhuSPnrAG3_kCI=/0x0:3840x2160/1200x800/filters:focal(1613x773:2227x1387)/cdn.vox-cdn.com/uploads/chorus_image/image/57727743/Semi_Front_78.0.jpg,
https://techcrunch.com/wp-content/uploads/2019/02/ike-trucks.jpg?w=730&crop=1,
https://spectrum.ieee.org/image/MzMzODY3Ng.jpeg,
https://encrypted-tbn0.gstatic.com/images?q=tbn%3AANd9GcQMiIlMkGOpEPrSbtHNAisQM00Gpu6nMbJCPrt0qY8F30MwQN53&usqp=CAU,
https://www.mercedes-benz.com/wp-content/uploads/sites/3/2018/08/01-mercedes-benz-trucks-2017-actros-1851-bm-963-3400x1440.jpg,
https://i.ytimg.com/vi/mXkcRKvTQ9M/maxresdefault.jpg,
https://www.volvotrucks.com/content/dam/volvo/volvo-trucks/masters/press-releases/2020/feb/pr-2952-fh/high-res-08A3977-FH-4x2-semi-trailer-long-haul-on-road.jpg,
https://www.volvogroup.com/content/dam/volvo/volvo-group/markets/global/en-en/news/2018/nov/1860x1050-news-volvo-trucks-autonomous-volvo-fh.jpg/_jcr_content/renditions/1860x1050-news-volvo-trucks-autonomous-volvo-fh-newsintro.jpg,
https://encrypted-tbn0.gstatic.com/images?q=tbn%3AANd9GcSYrvJjpfJRw9UX9d_b7RNbSg2u2m65enk9DKg1HF2lGe-Ex2I0&usqp=CAU,
https://encrypted-tbn0.gstatic.com/images?q=tbn%3AANd9GcTvQx1c5_QDvK0sWihWZKY3IfmLez8gGhGg_RoFmvfl7_vIySl5&usqp=CAU,
https://hips.hearstapps.com/hmg-prod.s3.amazonaws.com/images/screen-shot-2019-11-26-at-10-31-20-am-1574782353.png?crop=1.00xw:0.916xh;0,0.0466xh&resize=480:*,
https://encrypted-tbn0.gstatic.com/images?q=tbn%3AANd9GcRum4nWVew-56lNRAfK4aleTfBNLKVXJH_Cjm9Sc-VDDyewc8Oi&usqp=CAU,
https://hips.hearstapps.com/hmg-prod.s3.amazonaws.com/images/hennessey-1528205770.jpg,
https://encrypted-tbn0.gstatic.com/images?q=tbn%3AANd9GcTCpttfTkX1X_i0Vw_mg5wcmqnM-p8sGVaqzalRSVp8A33-YsJ2&usqp=CAU,
https://s29755.pcdn.co/wp-content/uploads/2020/03/112019-Paccar-Used-Trucks.jpg,
https://cms.qz.com/wp-content/uploads/2019/09/Rivian_amazon2-e1568911418576.jpg?quality=75&strip=all&w=410&h=181,
https://encrypted-tbn0.gstatic.com/images?q=tbn%3AANd9GcS1lyzXnTGMlUpjJU1J9TkI0mqdM661o-DgD5KU9ua4WsYr-TDu&usqp=CAU,
https://encrypted-tbn0.gstatic.com/images?q=tbn%3AANd9GcSUivb1diIr2b-mEWPRFk0V0i_6UGmm6C-Y9CYn3aLHpoPB13sl&usqp=CAU,
https://images.news18.com/ibnlive/uploads/2019/10/essex-truck.jpg,
https://miro.medium.com/max/8400/1*9MdaEOY-fpxslE9USrP7PA.jpeg,
https://electrek.co/wp-content/uploads/sites/3/2018/08/Tesla-Semi-Jerome-Guillen-e1535031629957.jpeg?quality=82&strip=all&w=1600,
https://bsmedia.business-standard.com/_media/bs/img/article/2017-09/21/full/1505934734-6825.jpg,
https://s3files.core77.com/blog/images/lead_n_spotlight/954723_title__90191_IlmlM0nqP.jpg,
https://thedriven.io/wp-content/uploads/2019/10/bollinger-b2-07-small.jpg,
https://cdn.vox-cdn.com/thumbor/xc3bXBGfrVvZ5pzWftsRxhHyO6k=/1400x1400/filters:format(jpeg)/cdn.vox-cdn.com/uploads/chorus_asset/file/10774115/nikola_anheuser_busch.jpg,
https://encrypted-tbn0.gstatic.com/images?q=tbn%3AANd9GcQGio1x4SjQdhmmQ6eNSDsqrix7eDlQx_szzZzftziVxJz3PIdv&usqp=CAU,
https://www.volvotrucks.com/en-en/trucks/_jcr_content/root/responsivegrid/columncontrol/parsys1/teaser.coreimg.jpeg/1582779867513/trucks-volvo-fh16-introimg.jpeg,
https://lh3.googleusercontent.com/proxy/_toWWFj7EtYYKfSRThXayXhSA_RSXH8LQ9eb38zLZ7VC66ltT1f4Ml0kjSU6sRtG7AOdzIZQe8XAkIVUUaWP6pGLXHUImB7H9HHu7HyjhDjuPjp2XhY9Jpjy48fL9mBB3YHORoLV-HvEdQ,
https://encrypted-tbn0.gstatic.com/images?q=tbn%3AANd9GcTkTmdMj27whJksf6btmRhLZFTnt43s0l8ljJKuG0TM0HPik38J&usqp=CAU,
https://encrypted-tbn0.gstatic.com/images?q=tbn%3AANd9GcSSAbeXffkjZ59vYYY61oOJ3C5o1-Es1NwBqDiAUxT8dJe3YKus&usqp=CAU,
https://base.imgix.net/files/base/ebm/americanmachinist/image/2019/09/americanmachinist_8079_internationalmv_class6_7_800.png?auto=format&fit=crop&h=432&w=768,
https://encrypted-tbn0.gstatic.com/images?q=tbn%3AANd9GcT_pPWMp3mcjbjPrLxLZMlVpuzbTriS7A34psYYYf1pXNltNBqh&usqp=CAU,
https://www.fuso-trucks.com/content/dam/globe/europe/germany/images/home_slider_e-canter.jpg,
https://cdn.cnn.com/cnnnext/dam/assets/191121212606-tesla-cybertruck-exlarge-169.jpg,
https://encrypted-tbn0.gstatic.com/images?q=tbn%3AANd9GcShO5U2RANyYBj6UTM3WVqV9QgUvYFl6k5lm6a473EtWg6eNY39&usqp=CAU,
https://www.trucks.com/wp-content/uploads/2019/02/rsz_class8trucksonhwy_01-05-2019-2-1.jpg,
https://encrypted-tbn0.gstatic.com/images?q=tbn%3AANd9GcQ3F-eqP99yvhQL9bjRSjf2oPPMLdvg3tnWNGi67CeZ0I1dJY49&usqp=CAU,
https://images.financialexpress.com/2020/01/ashok-leyland-bs6-trucks.jpg,
https://i.insider.com/5db881dbdee01925e765c752?width=1100&format=jpeg&auto=webp,
https://images.hgmsites.net/hug/2020-ford-f-150_100722511_h.jpg,
https://i.ytimg.com/vi/mmw-4GEuLig/maxresdefault.jpg,
https://www.ashokleyland.com/documents/1305159/1312061/trucks-banner02.jpg/2ec93daf-ac15-39a0-5050-2458bb2f7e1b?t=1544595242967,
https://encrypted-tbn0.gstatic.com/images?q=tbn%3AANd9GcTKSqkXEvGO1bAZ1Aki_p_I_iFe1i4Yi0uqib42VHdcCgMyBTgL&usqp=CAU,
https://encrypted-tbn0.gstatic.com/images?q=tbn%3AANd9GcRIrHsWnYSerl4OvexjTV1a4m8Bz4nRl-tlI38XEHLmntyvuByQ&usqp=CAU,
https://encrypted-tbn0.gstatic.com/images?q=tbn%3AANd9GcT9UdAyMq4aa3McsUDXFJ7q_vIN86DUMfnyzVqHCQpiTDhkAm82&usqp=CAU