images_url,https://encrypted-tbn0.gstatic.com/images?q=tbn%3AANd9GcTLyTUJr66MjQoWYDfLbRluI2kiNFmzXuLJuaoc18OxF6sRGrNb&usqp=CAU,
https://media.hypedc.com/media/catalog/product/cache/1/image/1500x/9df78eab33525d08d6e5fb8d27136e95/_/o/_o8a9969-1.jpg,
https://images.vans.com/is/image/VansBrand/vans-logo-google?$original-file$,
https://encrypted-tbn0.gstatic.com/images?q=tbn%3AANd9GcR3nN_QPn_6vwzwkFXom3OUZaipcJsAFWgF9bv6ZPdT42R6ZXVB&usqp=CAU,
https://encrypted-tbn0.gstatic.com/images?q=tbn%3AANd9GcTv41JE9s0DgaQw5UJYK49LBgEhFdQeYAgEFVF9DzmGRJXtXls6&usqp=CAU,
https://encrypted-tbn0.gstatic.com/images?q=tbn%3AANd9GcTCi2On1gyfEtMwA2U-zdO3_7n2FVUg0viMI90cwl-G79kIQpbP&usqp=CAU,
https://stockx-360.imgix.net/Vans-Sk8-Hi-Deconstructed-Black/Images/Vans-Sk8-Hi-Deconstructed-Black/Lv2/img01.jpg?auto=format,compress&w=559&q=90&dpr=2&updated_at=1538080256,
https://encrypted-tbn0.gstatic.com/images?q=tbn%3AANd9GcTEgjHDJVsfCYOlo2ewaQORWPiP93nxIuLys4aGUALvZXeRtuKt&usqp=CAU,
https://www.dressinn.com/f/13674/136744956/vans-ultrarange-rapidweld.jpg,
https://encrypted-tbn0.gstatic.com/images?q=tbn%3AANd9GcRTq1rS7zHYPU3XYDi2l77R8PpBh42CgS5vQ8ISfla_sBxGpUJ0&usqp=CAU,
https://encrypted-tbn0.gstatic.com/images?q=tbn%3AANd9GcTf3-_HkIq_iMPJ3G8D2RR055EEuJPni1aon4piGdv4iEaTUVGr&usqp=CAU,
https://encrypted-tbn0.gstatic.com/images?q=tbn%3AANd9GcQpcpqS6eFJ30p5T-63caFiM9cbuc4rZ-CoipFL73_03GbqkPKZ&usqp=CAU,
https://images-na.ssl-images-amazon.com/images/I/81ZI1JfhewL._AC_UL1500_.jpg,
https://encrypted-tbn0.gstatic.com/images?q=tbn%3AANd9GcT23K97p-JrIBcIkThrh8lNbd8b9xZg-iSDC3vjnWaclnFiMF6z&usqp=CAU,
https://encrypted-tbn0.gstatic.com/images?q=tbn%3AANd9GcTgceZ5PfSM1DgjcqtCH-SQz8IXfZETH2OY6OW9viB_YY_5ulgl&usqp=CAU,
https://encrypted-tbn0.gstatic.com/images?q=tbn%3AANd9GcQ_rqAvE3-qhMPobvh4jiwfwKAFqqTYq070Tt4OC68Dhum8KqMz&usqp=CAU,
https://encrypted-tbn0.gstatic.com/images?q=tbn%3AANd9GcQXKFJNryjP66ghZqHlhuADYYoDcbYpGpx6Evqz469WGWV8HwSz&usqp=CAU,
https://encrypted-tbn0.gstatic.com/images?q=tbn%3AANd9GcQodazrQN3AWtxP1iV_J6KwPnJR18IxukCn2qyvAIk9zssRWCv9&usqp=CAU,
https://www.studio-88.co.za/media/product/eb6/vans-old-skool-canvas-youth-gum-van250yog-318.jpg,
https://encrypted-tbn0.gstatic.com/images?q=tbn%3AANd9GcQlHMMubr4xgjZm7oYZ2hI4hGFGU_jmzaIxu1341yupeCNdz2IF&usqp=CAU,
https://image-cdn.hypb.st/https%3A%2F%2Fhypebeast.com%2Fimage%2F2019%2F01%2Fvans-authentic-blur-check-checkerboard-white-black-1.jpg?q=75&w=800&cbr=1&fit=max,
https://encrypted-tbn0.gstatic.com/images?q=tbn%3AANd9GcSYBjfQWbKOYVMvudKzy0ejJPZmT6FbE3bTEwXHULPRnOAKzxMm&usqp=CAU,
https://encrypted-tbn0.gstatic.com/images?q=tbn%3AANd9GcSasr-G925snM8hRiQubycY2cLi6rkMlcn_tuIhe_Gr3FfHC32J&usqp=CAU,
https://images-na.ssl-images-amazon.com/images/I/71MffrCHi0L._AC_UX395_.jpg,
https://encrypted-tbn0.gstatic.com/images?q=tbn%3AANd9GcTEEs0OBfVfpktUE_cmNhLPla5XeDm8VT0dX19vBlAzZdSlfHyd&usqp=CAU,
https://www.43einhalb.com/files/image/id/212077/w/616/h/370/n/vans-vn0a4p3xtj1-og-old-skool-lx-1.jpg,
https://images.journeys.com/images/products/1_522245_ZM_MULTI_ALT1.JPG,
https://static.independent.co.uk/s3fs-public/thumbnails/image/2020/03/12/16/screen-shot-2020-03-12-at-12.50.02-pm.png?w968h681,
https://encrypted-tbn0.gstatic.com/images?q=tbn%3AANd9GcSnzktGFe4QFdvKzGPudmBXmQt3GG7k8kLmUMKjfg0Ok9nNtWft&usqp=CAU,
https://encrypted-tbn0.gstatic.com/images?q=tbn%3AANd9GcSi55SV-R1P1scE9p1z1k6beg_P5eDwqSvKB5T07DQ-RgKLnc3v&usqp=CAU,
https://www.tillys.com/dw/image/v2/BBLQ_PRD/on/demandware.static/-/Sites-master-catalog/default/dw68579f0b/tillys/images/catalog/1000x1000/366231100.jpg?sw=295&sh=380&sm=fit,
https://encrypted-tbn0.gstatic.com/images?q=tbn%3AANd9GcRWZlfgIuPm2CZMMtwN1OKkw4cSfgEm1WUvZclldVqTtFtolbk0&usqp=CAU,
https://encrypted-tbn0.gstatic.com/images?q=tbn%3AANd9GcSnvgIrG4VV9F3njdO31KoKzX7EpsqA4s1O8rj0sx58qIfz4ikD&usqp=CAU,
https://i8.amplience.net/i/jpl/jd_337381_a?qlt=92,
https://schuh.sirv.com/19/1973657270/1973657270-01-01.jpg?scale.option=fill&scale.width=1000,
https://encrypted-tbn0.gstatic.com/images?q=tbn%3AANd9GcRbKYmTh6mrkVLUc99iK8bXrsF7xip4Qb7wi_WiToqQil1iOfsW&usqp=CAU,
https://encrypted-tbn0.gstatic.com/images?q=tbn%3AANd9GcS0zeOdMviDUNKOjFFN86k5VPx0Gk32XURrl0Oyn6KHHvyaqB2H&usqp=CAU,
https://cdn.cnn.com/cnnnext/dam/assets/200311191154-03-vans-sensory-inclusive-designs-large-169.jpg,
https://images-na.ssl-images-amazon.com/images/I/61fhh7XzI4L._AC_UX500_.jpg,
https://ridestore.imgix.net/catalog/product/a/1/a1735_50.jpg?auto=format&q=60&dpr=2.625&usm=15&chromasub=444&w=412&fit=max,
https://encrypted-tbn0.gstatic.com/images?q=tbn%3AANd9GcSx6xqyPH0DqFGO55lx8mJDn4gXu2C1THQWLdzlQItrZNNhSPwR&usqp=CAU,
https://static.highsnobiety.com/thumbor/NMcxiQ7bKgazljUmIG59mtuV580=/fit-in/480x320/smart/static.highsnobiety.com/wp-content/uploads/2019/10/05143633/vans-hong-kong-shoe-protest-01.jpg,
https://shop.r10s.jp/auc-rodeo/cabinet/revengestorm/revenge-yb-vol3-0.jpg,
https://www.famousfootwear.com/productimages/shoes_ib50244.jpg?trim.threshold=105&width=630&height=480&paddingWidth=60,
https://encrypted-tbn0.gstatic.com/images?q=tbn%3AANd9GcShhpg14EIixXk4C6DSSRWx4oOzzPqPnclzuIDm35ukO_2ou4OX&usqp=CAU,
https://encrypted-tbn0.gstatic.com/images?q=tbn%3AANd9GcRGeh_ygQxxGsX_dphhFqUOc3YewCQaoeA1SKfniQYbYJsQZOW-&usqp=CAU,
https://stockx.imgix.net/Vans-Old-Skool-The-Nightmare-Before-Christmas.png?fit=fill&bg=FFFFFF&w=700&h=500&auto=format,compress&q=90&dpr=2&trim=color&updated_at=1570233799,
https://encrypted-tbn0.gstatic.com/images?q=tbn%3AANd9GcQ4abLtfaZzjradwWcpZpdd49t_L_UzVrbM8gzJRws1l1xXOoOE&usqp=CAU,
https://i.insider.com/5c913c5cdaa5072c075b0ef8?width=1100&format=jpeg&auto=webp,
https://encrypted-tbn0.gstatic.com/images?q=tbn%3AANd9GcQnb4yREM_feX6ircl16yAgXyKNhRfTo9Bk7eHm0UhgU1w0Wd5t&usqp=CAU,
https://encrypted-tbn0.gstatic.com/images?q=tbn%3AANd9GcThduFvjpPQYdN3lAxRrk9rLwZZ6-7nH_oTKr8ICYWy_2Ggu2ty&usqp=CAU,
https://encrypted-tbn0.gstatic.com/images?q=tbn%3AANd9GcTlh1oL7yZKVYLzDaya5LVzf-IrhtuReV_uB2KFnmphHV9T3n9n&usqp=CAU,
https://encrypted-tbn0.gstatic.com/images?q=tbn%3AANd9GcTNNMvlTxhSa0sxFyVc_CZ3bJ7Jd-00whZO8bR9eHVex95plep8&usqp=CAU,
https://encrypted-tbn0.gstatic.com/images?q=tbn%3AANd9GcRL6JkseTiblPCGq_uyEq3Fuk_99cmPr5d4FPVhIvCVS12blK4j&usqp=CAU,
https://encrypted-tbn0.gstatic.com/images?q=tbn%3AANd9GcSjkZu9eRLPYMfaYfuSvl_zreKowRpAV2AYN1Clk0N66XQsGZ2d&usqp=CAU,
https://encrypted-tbn0.gstatic.com/images?q=tbn%3AANd9GcR2N8mk-Myhe4uFqz9SEvmb27YDWRed821e_KqnMy5Lf0Yarizm&usqp=CAU,
https://photos6.spartoo.eu/photos/576/57699/57699_500_A.jpg,
https://image-cdn.hypb.st/https%3A%2F%2Fhypebeast.com%2Fwp-content%2Fblogs.dir%2F6%2Ffiles%2F2020%2F01%2FVans-SP20-Classics-Stacked-Pack-Lineup-13.jpg?q=75&w=800&cbr=1&fit=max,
https://encrypted-tbn0.gstatic.com/images?q=tbn%3AANd9GcSEXaHuvHo2HEpXbO__zARKCe3hEKtcDeyJHivBja4JGG02l9h3&usqp=CAU,
https://encrypted-tbn0.gstatic.com/images?q=tbn%3AANd9GcRBXWUXvlWkyvZf42ofK43FWefWJHEkXKs3Jt443qzuRYULecnx&usqp=CAU,
https://encrypted-tbn0.gstatic.com/images?q=tbn%3AANd9GcRLAaeepwFZ2lch2Muw8hE75S3aD0UTXL6-dshbhMfeHuWHx5d_&usqp=CAU,
https://encrypted-tbn0.gstatic.com/images?q=tbn%3AANd9GcT4r6R-7Ej1L4o4qg90AnR8KAxqcDbXZbQwtVUblWfc5yNybkrf&usqp=CAU,
https://ridestore.imgix.net/catalog/product/C/4/C4932_10.jpg?w=320&auto=format&q=50,
https://static.footshop.com/249716-full_product/50752.jpg,
https://media-exp1.licdn.com/dms/image/C511BAQGVak6v3NU84g/company-background_10000/0?e=2159024400&v=beta&t=5ZvjD-6rke9XkeciayD2WaEOrk1NL9JvqSnvUr7BjeA,
https://pmcfootwearnews.files.wordpress.com/2016/03/vans-slip-on.jpg?w=700&h=437&crop=1,
https://encrypted-tbn0.gstatic.com/images?q=tbn%3AANd9GcR07pvADJf_6aQKGpvmssChUOqZb7mYL9mjSpK151qgl8_LG2Ic&usqp=CAU,
https://encrypted-tbn0.gstatic.com/images?q=tbn%3AANd9GcTxXK813srC-4kRCoroqNBVo0FWXPeXrDPVCb04LNq0RZjVMVEn&usqp=CAU,
https://encrypted-tbn0.gstatic.com/images?q=tbn%3AANd9GcSoWJ8rlUYSaM1jGKWmTbfHvJzNbIhf_YwHF2fArcJqZpmE7AxV&usqp=CAU,
https://image-cdn.hypb.st/https%3A%2F%2Fhypebeast.com%2Fimage%2F2019%2F07%2Fbotazine-vans-era-pop-up-isetan-shinjuku-mens-00.jpg?fit=max&cbr=1&q=90&w=750&h=500,
https://cdn11.bigcommerce.com/s-ozmjy/images/stencil/700x900/products/1322/5602/CIB-VansSkateBuilds-shop__03417.1473482104.png?c=2,
https://encrypted-tbn0.gstatic.com/images?q=tbn%3AANd9GcSmfhtQzxMy6pM36v9v991IFlI6Bx06SymvRcykcPdr9w4wvsKj&usqp=CAU,
https://m.media-amazon.com/images/I/71mLxyXegkL._SX700_.jpg,
https://www.dressinn.com/f/125/1252950/vans-old-skool.jpg,
https://www.tactics.com/a/anfb/2/2.webp,
https://encrypted-tbn0.gstatic.com/images?q=tbn%3AANd9GcQKEC-iqEoRAScikHfdgku3P8p1X6lgasCKcbmK46ZCmtt5kxDp&usqp=CAU,
https://images.vans.com/is/image/Vans/D3HY28-HERO?$583x583$,
https://encrypted-tbn0.gstatic.com/images?q=tbn%3AANd9GcRlPUfOMiaaKQJsNNceYZgG23qYboQUUyf6hiBC25JQJoV9aFvS&usqp=CAU,
https://s7d5.scene7.com/is/image/UrbanOutfitters/30147854_001_d?$xlarge$&hei=900&qlt=80&fit=constrain,
https://static.footshop.com/249666-full_product/50740.jpg,
https://static.footshop.com/249390-full_product/50790.jpg,
https://images.evo.com/imgp/250/163064/674985/vans-hi-standard-og-snowboard-boots-2020-.jpg,
https://encrypted-tbn0.gstatic.com/images?q=tbn%3AANd9GcRQ4Ts--KIUfFi42Nm89k4hSoxK-oeXM6kvLG1-8DSYGrEQ6nAr&usqp=CAU,
https://encrypted-tbn0.gstatic.com/images?q=tbn%3AANd9GcSp6j5wA1WF4-7_qoDHlvZWt-k6ROpHC1mhgxlbFfS_-x2O1txF&usqp=CAU,
https://encrypted-tbn0.gstatic.com/images?q=tbn%3AANd9GcSe0uzQiR_AQkJTmGUUEjaVRxdcfnr0C-dAn_mPnsGPUbelNKEL&usqp=CAU,
https://encrypted-tbn0.gstatic.com/images?q=tbn%3AANd9GcTtCoY-q8fSgsGFHBhqaMT4ZC0BoSFkDcOkrJ3It-kZXi9b8d9l&usqp=CAU,
https://cdn.shopify.com/s/files/1/0481/5961/products/Vans_Old_Skool_-_Classic_Tum_2048x2048.jpg?v=1550950966,
https://encrypted-tbn0.gstatic.com/images?q=tbn%3AANd9GcR6aSwJnUwRKxUuksSgma5vJ2W-f4SCIdJ7DmVHC9TkNIsDePaI&usqp=CAU,
https://cdn.skatepro.com/product/440/vans-sk8-high-pro-skate-shoes-e.jpg,
https://cdn.shopify.com/s/files/1/0742/5705/products/vans-high_1024x1024.jpg?v=1559575601,
https://encrypted-tbn0.gstatic.com/images?q=tbn%3AANd9GcRrm6sKHy6HT99T4j1S6Lt4Fm2nlOE35DD7IXj2aXL1KqqYLGt_&usqp=CAU,
https://images.vans.com/is/image/Vans/D5IB8C-HERO?$CATEGORY-LANDING-PRODUCT-REC$,
https://static.highsnobiety.com/thumbor/QQQ0DRxnskf02eJBGoKJ9AaXCAc=/fit-in/480x320/smart/static.highsnobiety.com/wp-content/uploads/2018/05/20182016/main-101.jpg,
https://cdn.shopify.com/s/files/1/0323/9577/products/vans4_700x_476fee6c-3b1e-478d-8166-d9c1b77c2343_grande.jpg?v=1561836082,
https://images.vans.com/is/image/Vans/EYEBWW-HERO?$583x583$,
https://pmcfootwearnews.files.wordpress.com/2019/11/vans-save-our-planet.jpg,
https://dynamic.zacdn.com/J1bXrdBXJEbdhfHqScPZF-6O9zA=/fit-in/346x500/filters:quality(95):fill(ffffff)/http://static.ph.zalora.net/p/vans-1690-9463341-1.jpg,
https://encrypted-tbn0.gstatic.com/images?q=tbn%3AANd9GcQ9RAQhx-OhBjJOw1QBG85tziYHSo1Eftr5pLv4uqlO2ez9T5oK&usqp=CAU,
https://m.media-amazon.com/images/I/71YT5v6M0ML._AC_255_.jpg,
https://i.pinimg.com/originals/44/42/f3/4442f321007ee9abedcb0fca2a54ae43.jpg,
https://encrypted-tbn0.gstatic.com/images?q=tbn%3AANd9GcTeFXBfxmcv8I_pkPQIrXWXatukAWLgoNS88QXhdQgPp4ry3cGE&usqp=CAU,
https://cdn.shopify.com/s/files/1/2031/6995/products/VN0A45K1VZV1_1_1280x.jpg?v=1571343811,
https://images-na.ssl-images-amazon.com/images/I/71Jd-VOyDJL._SL1200_.jpg,
https://encrypted-tbn0.gstatic.com/images?q=tbn%3AANd9GcRcXwuB6c6zAkGIvNAwigLG6z3XxNz_MptTIjLEaOBVv8rjlzPv&usqp=CAU,
https://encrypted-tbn0.gstatic.com/images?q=tbn%3AANd9GcTnXQwkKHr2mKE2nYBHohPVCO3Tn5CeaIhU6QdVlxNLb60sgHH6&usqp=CAU,
https://i8.amplience.net/i/jpl/jd_193634_a?qlt=92,
https://i8.amplience.net/i/jpl/jd_058318_a?qlt=92,
https://encrypted-tbn0.gstatic.com/images?q=tbn%3AANd9GcSCtuGP-UOPXSYBJSxwoJUd7IVd2UTtiwMSwLMzlRudG5lNCbfP&usqp=CAU,
https://sneakernews.com/wp-content/uploads/2020/01/Vans-Dark-Aura-Slip-On.jpg,
https://encrypted-tbn0.gstatic.com/images?q=tbn%3AANd9GcSBBbdRKsGtBY4FTBmpVJBs182hQMUR6aocPjDmdD3gdloXglAZ&usqp=CAU,
https://encrypted-tbn0.gstatic.com/images?q=tbn%3AANd9GcQLwoPTIf47QJahXjIhwvE2A1B_-ketAg8z5bNLFonGDTjuLI-z&usqp=CAU,
https://images.vans.com/is/image/Vans/8F7VMB-HERO?$583x583$,
https://images.vans.com/is/image/Vans/TKN6BT-HERO?$583x583$,
https://encrypted-tbn0.gstatic.com/images?q=tbn%3AANd9GcTBsWA_9xYDbMs9_e3M0URdrzYS8i7jBD2jqxQErY2dqnnLEwV8&usqp=CAU,
https://images.vans.com/is/image/Vans/8G1P0S-HERO?$583x583$,
https://www.america-today.com/dw/image/v2/BBPV_PRD/on/demandware.static/-/Sites-at-master-catalog/default/dwd8353055/images/product/vans-vans-old-skool-men-black-1512566022-100-f.jpg?sw=1200&sh=1200&sm=fit&sfrm=png,
https://encrypted-tbn0.gstatic.com/images?q=tbn%3AANd9GcSF_FQbr83bKmraIEirn_swWybXFIXmm4wJaGJy1UtcLAtvU0i2&usqp=CAU,
https://img1.theiconic.com.au/y436pNWXenu9k31sqrnQzUlX0rs=/fit-in/1000x0/filters:fill(ffffff):quality(85)/http%3A%2F%2Fstatic.theiconic.com.au%2Fp%2Fvans-3960-241347-1.jpg,
https://www.famousfootwear.com/productimages/shoes_ib56579.jpg?trim.threshold=105&width=630&height=480&paddingWidth=60,
https://encrypted-tbn0.gstatic.com/images?q=tbn%3AANd9GcT5CrepRGrGpdB1FMRrjrmO_kJ2gwh6--AfLyoGVxcXlUg4llIO&usqp=CAU,
https://encrypted-tbn0.gstatic.com/images?q=tbn%3AANd9GcRcYmJk0mCeKqUZjt07khvI8I92ndao3h0tL5ryyb68eFJc956O&usqp=CAU,
https://encrypted-tbn0.gstatic.com/images?q=tbn%3AANd9GcTpc0TUNMf4dmNylQRnp-X4GGlDQ4iC3eqmS9-wm5uZmk0OltWg&usqp=CAU,
https://encrypted-tbn0.gstatic.com/images?q=tbn%3AANd9GcQJK0qwqy-sz6fAtAlHtpxTpq_0H9VFe-l7OwQ0DN6eKI4PV-as&usqp=CAU,
https://encrypted-tbn0.gstatic.com/images?q=tbn%3AANd9GcQa_NAQHZlLA1Ti8nxIjsug_jYkF4LkhjVBK7w9KT-SbzDiUBjF&usqp=CAU,
https://encrypted-tbn0.gstatic.com/images?q=tbn%3AANd9GcQA7K17Y6NmdswIRSHd74zXjrkHwwA1FfW4KLoA2MyT4IfMf_oa&usqp=CAU,
https://www.tactics.com/a/c2gi/2/2.webp,
https://shop.r10s.jp/noel-ange/cabinet/shoes/vans2/vn-000d3h-al-a.jpg,
https://rukminim1.flixcart.com/image/332/398/shoe/p/b/h/vn0a38cvn3p1-9-vans-herringbone-twill-dress-blues-original-imaes6y8dsfmgqym.jpeg?q=50,
https://encrypted-tbn0.gstatic.com/images?q=tbn%3AANd9GcRfYU8Qz8CRBX54-KJTYzXac60tVxJKcKQ0vrDHPYHfcxUkK0pK&usqp=CAU,
https://encrypted-tbn0.gstatic.com/images?q=tbn%3AANd9GcRKKNwayeEJljYiQ40K-h6yoZ4y_T7xJfWXzR9dn4kTaNHEwE0Y&usqp=CAU,
https://dynamic.zacdn.com/7IBpdJER29ihuodN7p_PdyTptPg=/fit-in/346x500/filters:quality(95):fill(ffffff)/http://static.ph.zalora.net/p/vans-2415-5050241-1.jpg,
https://encrypted-tbn0.gstatic.com/images?q=tbn%3AANd9GcTehojxRYb7kF25EA3LNYeMg2oeQwM817jYJbIv_Z_z4VSYPncf&usqp=CAU,
https://encrypted-tbn0.gstatic.com/images?q=tbn%3AANd9GcSUL2uozC7HEgvX1NDEnBE0zNgdPc_L8XvCB0qBn8-2xoBBneIX&usqp=CAU,
https://encrypted-tbn0.gstatic.com/images?q=tbn%3AANd9GcQ8E8glbIgdy83aREJjkhimPjDM1B8XCfrmw-jaf2Hp5-cEFqRe&usqp=CAU,
https://images.vans.com/is/image/Vans/D3HBKA-HERO?$CATEGORY-LANDING-PRODUCT-REC$,
https://encrypted-tbn0.gstatic.com/images?q=tbn%3AANd9GcTb1Quaa293_D9pGqoHThOElGg7GBFeHoXcvDzd7ne34sbfQ4fU&usqp=CAU,
https://encrypted-tbn0.gstatic.com/images?q=tbn%3AANd9GcTEnD04-acWbzctC-Ks29nxBXm_00zN-PWv2n6oZ80ytm0IoVVa&usqp=CAU,
https://i.ebayimg.com/images/g/~JUAAOSwbzNbInSK/s-l300.jpg,
https://static.highsnobiety.com/thumbor/DH7XfatYAg2NqPyfGozkbPWHSGA=/fit-in/320x213/smart/static.highsnobiety.com/wp-content/uploads/2019/08/02104434/vans-desert-camo-checkerboard-pack-buy-now-01.jpg,
https://stockx.imgix.net/Vans-OG-Sk8-Hi-Odd-Future-Donut-Product.jpg?fit=fill&bg=FFFFFF&w=700&h=500&auto=format,compress&q=90&dpr=2&trim=color&updated_at=1564168668,
https://encrypted-tbn0.gstatic.com/images?q=tbn%3AANd9GcTKjQ3r-vN-cegVnJwgQg9ZUucIFHvt1wkZmE4tZ4GcVxJmGogk&usqp=CAU,
https://encrypted-tbn0.gstatic.com/images?q=tbn%3AANd9GcRi0BKA0hbxA923qUozF11gjnJ8nrnqfjy2gACctvxYZg5e2FG2&usqp=CAU,
https://n.nordstrommedia.com/id/sr3/bed20caf-6dcc-4f40-bf02-5b28e57b1c22.jpeg?crop=pad&pad_color=FFF&format=jpeg&trim=color&trimcolor=FFF&w=780&h=838,
https://www.vans.com.au/media/catalog/product/v/a/vans_2_.png,
https://images.vans.com/is/image/Vans/ZD4B9K-HERO?$CATEGORY-LANDING-PRODUCT-REC$,
https://encrypted-tbn0.gstatic.com/images?q=tbn%3AANd9GcSIN24mu7lw4sJ333MqWw-UTfslIu-seF8dayHF_AKfZCA43KFs&usqp=CAU,
https://encrypted-tbn0.gstatic.com/images?q=tbn%3AANd9GcRZV1BjqQy7WjQ7JDv7z192n-MjBnaSB7rdVXbw8wUT0JKiACwf&usqp=CAU,
https://cms-cdn.thesolesupplier.co.uk/2017/11/Vans-Vault-Old-Skool-MTE-DX-x-The-North-Face-White-Vn0a348gqwh-01.png,
https://scene7.zumiez.com/is/image/zumiez/pdp_hero/Disney-by-Vans-Old-Skool-80-s-Mickey-Skate-Shoes-_303489.jpg,
https://encrypted-tbn0.gstatic.com/images?q=tbn%3AANd9GcQRs05VUIBEb_82sPC-gn63YlWybcC4tPCLQpMhmIWbafyzrUjb&usqp=CAU,
https://encrypted-tbn0.gstatic.com/images?q=tbn%3AANd9GcQFTAamRN8Pqw2ryjjbhHblTT0AI4CYUPrHW0sS0Q-NUgKAl494&usqp=CAU,
https://images.vans.com/is/image/VansBrand/f19-bca-HO19_VN0A4BUTT4U_ClassicSlip-On_BreastCancer-YouGotThis-TrueWhite_Pair-2?wid=1394,
https://encrypted-tbn0.gstatic.com/images?q=tbn%3AANd9GcSoQFEv8sfx86chtIUBGP3ZxcNtq9YYE6USGWzdNJmju7zYS3U0&usqp=CAU,
https://www.platypusshoes.com.au/media/catalog/product/v/n/vn-0eyebww_vn-0eyebww_bkw_01_4682.jpg,
https://encrypted-tbn0.gstatic.com/images?q=tbn%3AANd9GcQEcEVcV8c9rRTD34DWVF7vttPGgH1BhgG_fANeYCXL8_XnWi6u&usqp=CAU